file,name,number,MST,time,rep,order,alanine.2tms,Glycine.2tms,X2.aminobutyric.acid.2tms,valine.2tms,leucine.2tms,isoleucine.2tms,Threonine.2tms,Proline.2tms,aspartic.acid.2tms,Glutamine..pyroglutamic.acid.2tms.,Methionine.2tms,serine.3tms,Threonine.3tms,Phenylalanine.2tms,aspartic.acid.3tms,glutamic.acid.3tms,lysine.3tms,arginine.3tms.,histidine.3tms,tyrosine.3tms
20171115-PMF-CPEEB-AW-48__GC-MS-AA__1__058,1-Synechocystis_6803-cell-5a-1,1,5a,-2,1,58,1898550368,989079486.1,15291805.56,1088666910,1103963375,732937006.9,27086763.89,496734006.9,36174236.11,226945256.9,131743680.6,1160022542,668011020.8,886003847.2,2140980313,1776348333,972749006.9,566247597.2,451223291.7,952755291.7
20171115-PMF-CPEEB-AW-48__GC-MS-AA__1__045,2-Synechocystis_6803-cell-5a-2,2,5a,-2,2,45,1693817107,831134641.2,25324572.52,981814717.6,1022052908,672511618.3,26480572.52,392322961.8,45402061.07,250324603.1,216435259.5,878085572.5,385776183.2,759278297.7,1849574084,1611274435,796352839.7,423323374,361352320.6,835998648.9
20171115-PMF-CPEEB-AW-48__GC-MS-AA__1__018,3-Synechocystis_6803-cell-5a-3,3,5a,-2,3,18,1702092432,844618416.7,26091553.03,904364090.9,1043148689,607082590.9,40816386.36,401694128.8,39966818.18,173665697,111289045.5,938466189.4,289989515.2,720888734.8,1852035212,1521564386,772020128.8,448655795.5,374837947,828332947
20171115-PMF-CPEEB-AW-48__GC-MS-AA__1__039,4-Synechocystis_6803-cell-6a-1,4,6a,-1,1,39,2001255008,1088906177,8127138.462,1142711062,1168554354,770809100,36642061.54,503508192.3,47609338.46,206061284.6,148339569.2,1261200362,569862523.1,897889538.5,2208792331,1764236531,976536338.5,567886946.2,468894446.2,1000267523
20171115-PMF-CPEEB-AW-48__GC-MS-AA__1__023,5-Synechocystis_6803-cell-6a-2,5,6a,-1,2,23,1696525746,914538612.7,5701126.761,980979767.6,1075705493,675890549.3,39154000,424016535.2,28214260.56,104202331,134249133.8,1136810746,418812478.9,797296014.1,2011810268,1693978979,866908915.5,538852676.1,424380711.3,887801929.6
20171115-PMF-CPEEB-AW-48__GC-MS-AA__1__013,6-Synechocystis_6803-cell-6a-3,6,6a,-1,3,13,1938079377,963079852.5,22276877.05,1048519885,1159144344,704191475.4,38976713.11,454421139.3,50184500,129851918,106469393.4,1111369451,317772639.3,828633893.4,2138853148,1601631172,902379959,529614606.6,439829541,949122163.9
20171115-PMF-CPEEB-AW-48__GC-MS-AA__1__033,7-Synechocystis_6803-cell-630a-1,7,630a,-0.5,1,33,1663203741,811103870.7,26106489.8,887769088.4,945734551,599633278.9,29757870.75,382330551,39746081.63,108633693.9,82735278.91,852511564.6,386077863.9,707181904.8,1735409544,1469222265,735893523.8,390010068,357627292.5,772242591.8
20171115-PMF-CPEEB-AW-48__GC-MS-AA__1__047,8-Synechocystis_6803-cell-630a-2,8,630a,-0.5,2,47,1827730000,972801185.2,10177762.96,1076368089,1165936667,724524244.4,33942518.52,461803437,47431162.96,186638059.3,149810807.4,1086784133,562470748.1,855833777.8,2123438437,1633161533,915949192.6,475865259.3,422203570.4,941293837
20171115-PMF-CPEEB-AW-48__GC-MS-AA__1__006,9-Synechocystis_6803-cell-630a-3,9,630a,-0.5,3,6,1744216171,861600902.4,30521439.02,921958130.1,1026456862,615907170.7,39800821.14,378884032.5,39385455.28,202198609.8,101074609.8,849851504.1,199226260.2,712831382.1,1800492732,1533268179,745143243.9,411546674.8,363487918.7,834600268.3
20171115-PMF-CPEEB-AW-48__GC-MS-AA__1__061,10-Synechocystis_6803-cell-7a-1,10,7a,0,1,61,1779795650,885220139.9,30055104.9,966890874.1,1023646462,668134090.9,24025482.52,410003524.5,41790258.74,131352615.4,124032643.4,875588055.9,477871839.2,771260258.7,1822982196,1658210497,813465657.3,406753447.6,382478895.1,856242860.1
20171115-PMF-CPEEB-AW-48__GC-MS-AA__1__069,11-Synechocystis_6803-cell-7a-2,11,7a,0,2,69,1996864066,977155090.2,19908040.98,1152922541,1160624049,762086549.2,19890270.49,470214008.2,49927106.56,379502254.1,171211041,840134975.4,536061737.7,880582614.8,2104255131,1674288828,933365123,491364147.5,432097647.5,871165368.9
20171115-PMF-CPEEB-AW-48__GC-MS-AA__1__017,12-Synechocystis_6803-cell-7a-3,12,7a,0,3,17,1468671007,719714881.6,28816263.16,834127289.5,847801230.3,564429375,25659986.84,319791078.9,34674315.79,285031572.4,127324296.1,605232585.5,185348473.7,626302105.3,378628881.6,1168613697,656874500,357542473.7,316352348.7,674521342.1
20171115-PMF-CPEEB-AW-48__GC-MS-AA__1__009,13-Synechocystis_6803-cell-730a-1,13,730a,0.5,1,9,1549437872,777275113.5,29317773.05,875040177.3,896090787.2,578350652.5,29521049.65,329125354.6,32957496.45,46857304.96,144363943.3,686622865.2,208056177.3,659647404.3,1566765986,1435337404,674309432.6,351793971.6,329553404.3,743570503.5
20171115-PMF-CPEEB-AW-48__GC-MS-AA__1__073,14-Synechocystis_6803-cell-730a-2,14,730a,0.5,2,73,1794363905,823944664.2,41062430.66,987888496.4,963142627.7,658262605.8,15508970.8,389183788.3,49202510.95,540151839.4,197722795.6,454741941.6,360721007.3,740392277.4,1602635745,1223504701,776041510.9,419190518.2,357792664.2,774790540.1
20171115-PMF-CPEEB-AW-48__GC-MS-AA__1__084,15-Synechocystis_6803-cell-730a-3,15,730a,0.5,3,84,2089033265,1035873508,34542568.18,1214200545,1192781152,855115287.9,18418825.76,497532075.8,57440000,276041621.2,220744575.8,933328075.8,569820348.5,935995681.8,2148458417,1728283758,972007984.8,528921734.8,466021151.5,995564750
20171115-PMF-CPEEB-AW-48__GC-MS-AA__1__014,16-Synechocystis_6803-cell-8a-1,16,8a,1,1,14,1555309688,404174432.6,124796326.2,460092503.5,612908851.1,286290134.8,14323730.5,323776269.5,10173191.49,863116312.1,95841070.92,72819304.96,41084588.65,356521808.5,154498687.9,35031255.32,442629127.7,268219808.5,139796425.5,454563418.4
20171115-PMF-CPEEB-AW-48__GC-MS-AA__1__003,17-Synechocystis_6803-cell-8a-2,17,8a,1,2,3,1878825654,852447007.5,45562977.44,1044808316,1050363880,708988827.1,25553601.5,404170210.5,36058060.15,541309864.7,214039827.1,535918255.6,189060639.1,782234985,1832598105,1291463586,846572894.7,477230248.1,401658458.6,823509789.5
20171115-PMF-CPEEB-AW-48__GC-MS-AA__1__027,18-Synechocystis_6803-cell-8a-3,18,8a,1,3,27,1929900127,1014136716,32168201.49,1138635530,1171955940,783538634.3,38301328.36,440832567.2,43454447.76,256678067.2,246137343.3,942034783.6,333101044.8,861039119.4,2065291627,1729630761,925884955.2,487400858.2,445564835.8,944871149.3
20171115-PMF-CPEEB-AW-48__GC-MS-AA__1__054,19-Synechocystis_6803-cell-9a-1,19,9a,2,1,54,1987162674,1117061080,8399123.188,1277925891,1283592109,927900971,25473101.45,534779289.9,53642028.99,189744869.6,316085108.7,1231195188,700917478.3,1011399471,2457862080,2008405000,1082610681,652816731.9,509576007.2,1085972413
20171115-PMF-CPEEB-AW-48__GC-MS-AA__1__066,20-Synechocystis_6803-cell-9a-2,20,9a,2,2,66,1818567732,1028409634,6855415.493,1238895134,1138810859,849963323.9,17334683.1,496191577.5,68793394.37,347607570.4,318269387.3,1081980796,643490802.8,927531239.4,2303589254,1645153521,991906584.5,652577098.6,486319373.2,1068144711
20171115-PMF-CPEEB-AW-48__GC-MS-AA__1__067,21-Synechocystis_6803-cell-9a-3,21,9a,2,3,67,1817064023,1020607267,4256152.672,1154311901,1115298962,802310893.1,27253793.89,471388160.3,58176725.19,146754175.6,324680412.2,1171219466,637569801.5,878057687,469511167.9,1693114863,940049969.5,654272351.1,454479771,1037548710
20171115-PMF-CPEEB-AW-48__GC-MS-AA__1__065,22-Synechocystis_6803-cell-11a-1,22,11a,4,1,65,1808879607,972714550,14045678.57,1100786650,1088462436,750022021.4,22316050,446805500,49132178.57,348363571.4,252298778.6,1004944650,507771821.4,848878000,2173368700,1435437521,917740635.7,578410428.6,426718100,908745600
20171115-PMF-CPEEB-AW-48__GC-MS-AA__1__044,23-Synechocystis_6803-cell-11a-2,23,11a,4,2,44,2206581493,1290528813,7015037.313,1427866410,1602497918,1071299463,57956753.73,644250268.7,110341223.9,260354238.8,276887037.3,1758762769,791405313.4,1162963201,2994782537,2474746037,1315401493,1037772978,616347709,1336192985
20171115-PMF-CPEEB-AW-48__GC-MS-AA__1__059,24-Synechocystis_6803-cell-11a-3,24,11a,4,3,59,1830902552,965895944.1,11408265.73,1027698706,1145411860,700625902.1,38715377.62,466374734.3,56735258.74,205729685.3,135957524.5,1226107692,551620678.3,837788363.6,2334598126,1897680818,920431762.2,651711706.3,426964042,925719153.8
20171115-PMF-CPEEB-AW-48__GC-MS-AA__1__079,25-Synechocystis_6803-cell-1p-1,25,1p,6,1,79,1964241906,1101441187,4674302.158,1228148295,1303604460,874441410.1,31361230.22,551148223,70321820.14,236522812.9,166416877.7,1499322799,915174892.1,1004537669,2553569719,2168736252,1147777403,704439518,536489611.5,1172067993
20171115-PMF-CPEEB-AW-48__GC-MS-AA__1__035,26-Synechocystis_6803-cell-1p-2,26,1p,6,2,35,1664613693,960191784.3,5778620.915,1056819987,1138152359,769748143.8,43142921.57,447495339.9,51772692.81,211510483.7,183928516.3,1235230157,509655359.5,837145875.8,2150909928,1829707967,942560588.2,672081339.9,444732006.5,989484052.3
20171115-PMF-CPEEB-AW-48__GC-MS-AA__1__070,27-Synechocystis_6803-cell-1p-3,27,1p,6,3,70,2281873270,1267296643,12304230.16,1342599944,1397728032,954797309.5,37192928.57,590594134.9,70330666.67,269606055.6,300558611.1,1629355857,805382976.2,1108551770,2750133373,2164671421,1206128317,746765468.3,572782436.5,1236631937
20171115-PMF-CPEEB-AW-48__GC-MS-AA__1__041,28-Synechocystis_6803-cell-3p-1,28,3p,8,1,41,1838043253,1019752353,11491560,1105065227,1191364013,769466500,39463560,477572926.7,60273340,223246560,130692300,1313868447,579157426.7,877911840,2167452773,1862723567,999881326.7,516996420,461382666.7,941662193.3
20171115-PMF-CPEEB-AW-48__GC-MS-AA__1__019,29-Synechocystis_6803-cell-3p-2,29,3p,8,2,19,1643621218,965505866.7,5347793.939,1054473073,1172563879,754335048.5,42166036.36,455761678.8,66264963.64,209052781.8,223609097,1284154958,494949200,858683878.8,2066090624,1763772879,974990527.3,619517193.9,459816436.4,969539818.2
20171115-PMF-CPEEB-AW-48__GC-MS-AA__1__055,30-Synechocystis_6803-cell-3p-3,30,3p,8,3,55,1547212977,855883789.5,3515736.842,949683578.9,1046086620,676394122.8,28636146.2,417112292.4,51078438.6,184020479.5,119498386,1137861269,600087251.5,763575233.9,1838528567,1663132427,855112982.5,454122309.9,400796005.8,819861713.5
20171115-PMF-CPEEB-AW-48__GC-MS-AA__1__011,31-Synechocystis_6803-cell-5p-1,31,5p,10,1,11,1367403264,750164383.4,10953212.44,892204730.6,947239943,655721041.5,28071010.36,380234777.2,54493849.74,310678538.9,251431285,819142513,316958569.9,706875927.5,1641298358,1344191627,785835202.1,384362020.7,372365896.4,787918196.9
20171115-PMF-CPEEB-AW-48__GC-MS-AA__1__051,32-Synechocystis_6803-cell-5p-2,32,5p,10,2,51,1378220328,807670429.3,3977388.889,966142500,950810893.9,681589338.4,22105141.41,384229126.3,38044429.29,165220853.5,224183479.8,1035651848,616451904,724741186.9,1705344783,1542834924,817157813.1,458603298,377409020.2,883562075.8
20171115-PMF-CPEEB-AW-48__GC-MS-AA__1__063,33-Synechocystis_6803-cell-5p-3,33,5p,10,3,63,1412010985,747765613.9,11477910.89,937886089.1,944361044.6,669371618.8,16457470.3,374332861.4,42174490.1,417892920.8,227725940.6,746332386.1,518623638.6,731234306.9,1567168767,1132563356,800904990.1,373322524.8,354659594.1,728836846.5
20171115-PMF-CPEEB-AW-48__GC-MS-AA__1__046,34-Synechocystis_6803-cell-6p-1,34,6p,11,1,46,1461776434,874747402.1,3838587.302,1028915587,1026846259,746446232.8,29268486.77,421751920.6,45491301.59,162530089.9,298551899.5,1091036376,632564021.2,806534179.9,1824383825,1592514825,862763148.1,486039756.6,415917201.1,954535719.6
20171115-PMF-CPEEB-AW-48__GC-MS-AA__1__068,35-Synechocystis_6803-cell-6p-2,35,6p,11,2,68,1421235083,718426936.3,21562401.96,871683892.2,919282392.2,621997975.5,15832818.63,360774696.1,42056769.61,433099818.6,175226642.2,566442857.8,434256848,670186529.4,1486873598,1098869397,735075205.9,338142014.7,326809093.1,623447009.8
20171115-PMF-CPEEB-AW-48__GC-MS-AA__1__083,36-Synechocystis_6803-cell-6p-3,36,6p,11,3,83,1227779038,715627636.4,2762961.722,850139717.7,834471813.4,614374535.9,13882220.1,334656052.6,42575569.38,122957655.5,235292578.9,869533612.4,588896081.3,659854358.9,1495177512,1320352033,698414483.3,377565933,340937636.4,797698014.4
20171115-PMF-CPEEB-AW-48__GC-MS-AA__1__072,37-Synechocystis_6803-cell-630p-1,37,630p,11.5,1,72,1171515862,637254085.4,12390479.67,822100991.9,769472780.5,605898638.2,8605414.634,338362455.3,35163731.71,415298995.9,214284337.4,584737296.7,450742674.8,637521695.1,1376068602,994645451.2,680870280.5,360205215.4,310663048.8,705716272.4
20171115-PMF-CPEEB-AW-48__GC-MS-AA__1__004,38-Synechocystis_6803-cell-630p-2,38,630p,11.5,2,4,1083692719,571223242.6,6648889.362,700523591.5,687496783,494364425.5,16287710.64,264423638.3,33766153.19,244130897.9,133565834,547644851.1,191226234,520437357.4,1180152345,944929774.5,567795004.3,299001319.1,271498761.7,522666268.1
20171115-PMF-CPEEB-AW-48__GC-MS-AA__1__037,39-Synechocystis_6803-cell-630p-3,39,630p,11.5,3,37,1242415827,728381256.6,5629181.416,835490601.8,866019637.2,622037367.3,23901464.6,333633460.2,35619787.61,208663973.5,187737800.9,839488115,395244376.1,658159216.8,1469044788,1281483978,733889579.6,387260632.7,334982181.4,679361690.3
20171115-PMF-CPEEB-AW-48__GC-MS-AA__1__042,40-Synechocystis_6803-cell-7p-1,40,7p,12,1,42,1039157895,592065707.6,4857332.13,706481108.3,709950259.9,509451953.1,15535267.15,278722465.7,33091158.84,153424447.7,707385288.8,391417018.1,543067924.2,1220100744,1070285949,586784436.8,316769942.2,278352436.8,564301292.4,35344494.58
20171115-PMF-CPEEB-AW-48__GC-MS-AA__1__007,41-Synechocystis_6803-cell-7p-2,41,7p,12,2,7,1144086343,581602457.6,14690851.69,678135000,738310008.5,486678360.2,22921419.49,274493809.3,33325991.53,141365084.7,79576597.46,677419466.1,221512817.8,547358004.2,1227649000,1106843678,583714444.9,311547881.4,275732792.4,555179135.6
20171115-PMF-CPEEB-AW-48__GC-MS-AA__1__031,42-Synechocystis_6803-cell-7p-3,42,7p,12,3,31,1047394184,554252643.4,15831676.23,606652409.8,628643713.1,417199979.5,21531372.95,242852815.6,23070651.64,64960500,85203778.69,569462000,219269057.4,468828885.2,1066032352,970588590.2,492529262.3,252355172.1,232926577.9,498744832
20171115-PMF-CPEEB-AW-48__GC-MS-AA__1__002,43-Synechocystis_6803-cell-730p-1,43,730p,12.5,1,2,1073116695,544582979.1,14828828.45,630766255.2,692599594.1,450422636,27021326.36,255193481.2,25901820.08,54111435.15,79430661.09,148737535.6,160873585.8,502986715.5,1141519063,1019925703,536923535.6,295043895.4,251597920.5,522065142.3
20171115-PMF-CPEEB-AW-48__GC-MS-AA__1__076,44-Synechocystis_6803-cell-730p-2,44,730p,12.5,2,76,1127126379,621257540.2,6147318.008,741768685.8,756540988.5,540067383.1,14645624.52,307440613,38789697.32,191880164.8,120300785.4,759095946.4,499828773.9,581851003.8,1314898169,1155332670,654362605.4,309324992.3,290216318,568726279.7
20171115-PMF-CPEEB-AW-48__GC-MS-AA__1__048,45-Synechocystis_6803-cell-730p-3,45,730p,12.5,3,48,1258384490,621242753.1,21432522.63,800917378.6,758750086.4,575838407.4,13924617.28,309821732.5,32016074.07,347796950.6,120731510.3,541945872.4,325108049.4,611751284,1274625502,940842185.2,660534987.7,309190148.1,289655580.2,575601642
20171115-PMF-CPEEB-AW-48__GC-MS-AA__1__052,46-Synechocystis_6803-cell-8p-1,46,8p,13,1,52,1088498657,387381585.9,67281585.86,557276026.9,620679771,121099437.7,8161491.582,269506596,15316377.1,594944387.2,121106175.1,100080723.9,150178111.1,421859562.3,788971316.5,456428030.3,438888454.5,241608686.9,180551831.6,427956084.2
20171115-PMF-CPEEB-AW-48__GC-MS-AA__1__077,47-Synechocystis_6803-cell-8p-2,47,8p,13,2,77,1155313705,517105366.5,28827059.76,687818924.3,669304976.1,483810533.9,8369601.594,276038581.7,30362370.52,484776354.6,128113139.4,241857004,269696892.4,497872330.7,1035190932,715472099.6,536584928.3,257331394.4,228821302.8,481029442.2
20171115-PMF-CPEEB-AW-48__GC-MS-AA__1__075,48-Synechocystis_6803-cell-8p-3,48,8p,13,3,75,1234128564,512178284,63608703.7,707792119.3,726132382.7,514449230.5,6786345.679,304680683.1,23016539.09,621260135.8,108285827.2,156984172.8,232088119.3,531485037,957932312.8,653878802.5,576913411.5,263773625.5,228375567.9,493481448.6
20171115-PMF-CPEEB-AW-48__GC-MS-AA__1__005,49-Synechocystis_6803-cell-9p-1,49,9p,14,1,5,1225406302,487044240,52568128.89,647199448.9,677505022.2,449347302.2,11955626.67,270956577.8,22438257.78,482481413.3,111517168.9,172313760,99739022.22,464465217.8,935574782.2,623271244.4,503151720,286234613.3,212431222.2,457700760
20171115-PMF-CPEEB-AW-48__GC-MS-AA__1__024,50-Synechocystis_6803-cell-9p-2,50,9p,14,2,24,1583504735,705525122.4,64761596.94,979787892.9,1018489653,723610357.1,14822806.12,414006413.3,51213392.86,741849663.3,228961408.2,277469668.4,248648377.6,748635898,1449884827,974496209.2,800078668.4,434459729.6,350152178.6,805309295.9
20171115-PMF-CPEEB-AW-48__GC-MS-AA__1__074,51-Synechocystis_6803-cell-9p-3,51,9p,14,3,74,1215775854,331126648.1,132120596.6,439443888.4,563240467.8,294465158.8,7752017.167,263123017.2,9032811.159,721426888.4,79907656.65,34640549.36,87845927.04,318532540.8,337972922.7,160527630.9,375991218.9,175402017.2,112824171.7,368990223.2
20171115-PMF-CPEEB-AW-48__GC-MS-AA__1__053,52-Synechocystis_6803-cell-11p-1,52,11p,16,1,53,1138707352,201697652.8,82001638.89,371099245.4,451362731.5,232759944.4,11886171.3,249734699.1,6657254.63,662318828.7,64260800.93,72402875,40353439.81,239606527.8,87453041.67,37445828.7,302061092.6,155002222.2,104934120.4,345147287
20171115-PMF-CPEEB-AW-48__GC-MS-AA__1__021,53-Synechocystis_6803-cell-11p-2,53,11p,16,2,21,1321422686,607879924.7,43413104.6,799238213.4,813858506.3,578539230.1,12794786.61,316715129.7,40142435.15,552216991.6,166953799.2,277450276.2,208387050.2,609978405.9,1183693971,829500585.8,658071502.1,308960004.2,278317284.5,577541071.1
20171115-PMF-CPEEB-AW-48__GC-MS-AA__1__020,54-Synechocystis_6803-cell-11p-3,54,11p,16,3,20,1124880514,605660506,13288152.61,737101232.9,728560429.7,540434614.5,13277598.39,303044847.4,38245751,321529228.9,198846550.2,539854662.7,262846610.4,572602124.5,1242701301,905317325.3,631993502,324718325.3,285752959.8,624351289.2
20171115-PMF-CPEEB-AW-48__GC-MS-AA__1__049,55-Synechocystis_6803-cell-1a-1,55,1a,18,1,49,1303222132,542707478.1,35485434.21,735903223.7,760574201.8,526497004.4,9994671.053,329170425.4,34204868.42,640309184.2,175302872.8,246608342.1,244424456.1,565587622.8,1082084325,722269728.1,586280179.8,310587377.2,263260258.8,625167131.6
20171115-PMF-CPEEB-AW-48__GC-MS-AA__1__016,56-Synechocystis_6803-cell-1a-2,56,1a,18,2,16,1179010926,552438311.5,29257102.46,691529832,685686692.6,488790881.1,16841663.93,280783192.6,24369422.13,458588582,141784860.7,290969209,166865991.8,512459155.7,167313709,712235561.5,552360295.1,260580573.8,243945606.6,524812209
20171115-PMF-CPEEB-AW-48__GC-MS-AA__1__032,57-Synechocystis_6803-cell-1a-3,57,1a,18,3,32,1284747918,603468434.8,23483057.97,772546830.9,743146628,523330391.3,13088289.86,309900067.6,24509512.08,488225748.8,192445154.6,357713304.3,239738014.5,579129430,1217606643,848970096.6,616594666.7,314466512.1,281498246.4,641822434.8
20171115-PMF-CPEEB-AW-48__GC-MS-AA__1__025,58-Synechocystis_6803-cell-3a-1,58,3a,20,1,25,1114528316,397310109.4,80055699.22,509067214.8,580874019.5,342008605.5,7631566.406,255913097.7,18278464.84,592458019.5,102894418,85414316.41,86812804.69,388620605.5,619697203.1,387122980.5,434684105.5,232611668,158720222.7,395293535.2
20171115-PMF-CPEEB-AW-48__GC-MS-AA__1__028,59-Synechocystis_6803-cell-3a-2,59,3a,20,2,28,1224632008,498414301.9,77735343.4,636559449.1,701532566,457530426.4,12084554.72,281106264.2,17602905.66,556505120.8,124163584.9,142695343.4,145168581.1,475106188.7,883474071.7,575042649.1,531255339.6,262079826.4,204089901.9,456682184.9
20171115-PMF-CPEEB-AW-48__GC-MS-AA__1__056,60-Synechocystis_6803-cell-3a-3,60,3a,20,3,56,1069429951,505971851.6,33157240.28,650224632.5,669283371,475844678.4,9643385.159,268316844.5,26048565.37,479933494.7,161313056.5,223629735,239996250.9,495245091.9,952816137.8,689541162.5,515927947,242341000,228712586.6,512897187.3
20171115-PMF-CPEEB-AW-48__GC-MS-AA__1__034,61-Synechocystis_6803-cell-5a_day2-1,61,5a_day2,22,1,34,1244969573,663095950.2,24497419.09,785323966.8,777495800.8,561438925.3,17830186.72,306035074.7,28767406.64,452392643.2,185027771.8,403640199.2,259385336.1,586807145.2,1217687834,861968410.8,638973597.5,295301717.8,282537734.4,625589273.9
20171115-PMF-CPEEB-AW-48__GC-MS-AA__1__038,62-Synechocystis_6803-cell-5a_day2-2,62,5a_day2,22,2,38,1213570814,566257310.1,42524996.12,705289569.8,753466802.3,510813748.1,14553337.21,294153391.5,28878108.53,490413922.5,143079023.3,256309794.6,214404449.6,530546949.6,1043645554,672383178.3,577747112.4,250934317.8,247925562,523317759.7
20171115-PMF-CPEEB-AW-48__GC-MS-AA__1__012,63-Synechocystis_6803-cell-5a_day2-3,63,5a_day2,22,3,12,1033051515,491770127.7,22822489.05,602510649.6,628915397.8,426696237.2,14629569.34,239805324.8,28023715.33,362840562,144209339.4,274965200.7,146647689.8,447207262.8,957099642.3,686474073,491113573,229654109.5,226997146,484480941.6
20171115-PMF-CPEEB-AW-48__GC-MS-AA__1__080,64-Synechocystis_6803-cell-6a_day2-1,64,6a_day2,23,1,80,1191653867,574276907.7,27957966.79,722082468.6,749459826.6,536303070.1,8512387.454,313650557.2,40033896.68,489393546.1,176043841.3,323839302.6,328278439.1,568759988.9,1127461181,787924516.6,613085287.8,274713878.2,265711564.6,555665391.1
20171115-PMF-CPEEB-AW-48__GC-MS-AA__1__081,65-Synechocystis_6803-cell-6a_day3-2,65,6a_day3,23,2,81,779565475.4,403069259,3420213.115,481767855.7,494936639.3,327419675.4,10690750.82,183113934.4,20935137.7,160771737.7,115402662.3,402852862.3,280933078.7,359023327.9,808967360.7,664243786.9,375806914.8,175559144.3,181309957.4,417550803.3
20171115-PMF-CPEEB-AW-48__GC-MS-AA__1__026,66-Synechocystis_6803-cell-6a_day4-3,66,6a_day4,23,3,26,900034571.4,474429416.1,11884602.48,542905130.4,589168304.3,392477922.4,20113065.22,225371344.7,19810571.43,98344378.88,132244698.8,478740673.9,220711987.6,433413146,948761801.2,838747860.2,474602863.4,218201304.3,220880841.6,469190018.6
20171115-PMF-CPEEB-AW-48__GC-MS-AA__1__060,67-Synechocystis_6803-cell-630a_day2-1,67,630a_day2,23.5,1,60,1110005891,632955899.2,4306991.935,697300560.5,730170056.5,501267935.5,19927842.74,286594806.5,30882395.16,122638621,117780996,736943939.5,433059391.1,558109653.2,1229982157,1067628722,605057616.9,287910778.2,278106000,632457076.6
20171115-PMF-CPEEB-AW-48__GC-MS-AA__1__030,68-Synechocystis_6803-cell-630a_day3-2,68,630a_day3,23.5,2,30,1235535515,635964528.6,21374726.87,678273770.9,760100986.8,474875947.1,25550488.99,288782859,31955541.85,138494096.9,110834577.1,637958207,282768052.9,540914251.1,1222143137,1100693480,595633132.2,274223330.4,282089559.5,608730955.9
20171115-PMF-CPEEB-AW-48__GC-MS-AA__1__040,69-Synechocystis_6803-cell-630a_day4-3,69,630a_day4,23.5,3,40,1423695805,861810307,5336139.535,967012316.3,995439181.4,704141018.6,36927381.4,401124186,56471027.91,178670841.9,183221586,1097051200,550120683.7,770943925.6,1691224195,1420463614,865026702.3,494001316.3,400824130.2,895681204.7
20171115-PMF-CPEEB-AW-48__GC-MS-AA__1__062,70-Synechocystis_6803-cell-7a_day2-1,70,7a_day2,24,1,62,1650163075,835727714.3,21776937.89,927256099.4,980208087,641515689.4,22306521.74,387663764,38418838.51,150837795,129520453.4,906316273.3,518102173.9,715628142.9,1644888193,1445957671,766312279.5,375736664.6,359414329.2,820565354
20171115-PMF-CPEEB-AW-48__GC-MS-AA__1__010,71-Synechocystis_6803-cell-7a_day2-2,71,7a_day2,24,2,10,1011077937,559976505.9,3204996.078,639956176.5,690889011.8,458204568.6,26152117.65,257693537.3,33823850.98,116179494.1,180915415.7,695187721.6,239537329.4,500821800,1150068910,1036225675,554259592.2,311577478.4,266200611.8,597401117.6
20171115-PMF-CPEEB-AW-48__GC-MS-AA__1__082,72-Synechocystis_6803-cell-7a_day2-3,72,7a_day2,24,3,82,1146051751,601931108,2254309.859,655916887.3,743083943.7,463215009.4,18926173.71,282370544.6,26654896.71,129718802.8,180559910.8,770749042.3,501203488.3,525510436.6,1248227737,1019820596,569135075.1,285914441.3,263485647.9,652185516.4
20171115-PMF-CPEEB-AW-48__GC-MS-AA__1__001,QC-1-1,QC,,26,NA,1,852521795.9,460378382.7,15698836.73,467381801,457273454.1,303472158.2,34556209.18,168459821.4,9893377.551,171482290.8,88981464.29,305299760.2,34416091.84,305884602,604628724.5,495446739.8,286947413.3,153559035.7,119141556.1,338261265.3
20171115-PMF-CPEEB-AW-48__GC-MS-AA__1__008,QC-1-8,QC,,26,NA,8,716460714.3,348002622.4,12136454.08,387580270.4,398776561.2,260545596.9,24979280.61,142376699,12375045.92,154320035.7,79785387.76,298599433.7,36144627.55,291261913.3,655745607.1,527258076.5,286817551,142303025.5,125717688.8,343730061.2
20171115-PMF-CPEEB-AW-48__GC-MS-AA__1__015,QC-1-15,QC,,26,NA,15,740304204.1,346097020.4,12478229.59,399471112.2,412113699,266606459.2,26523127.55,146167765.3,9179443.878,160604464.3,84248255.1,305190290.8,43938066.33,298820224.5,678608132.7,516772250,299732484.7,145147811.2,130924489.8,350017086.7
20171115-PMF-CPEEB-AW-48__GC-MS-AA__1__022,QC-1-22,QC,,26,NA,22,752462051,357696352,12813010.2,406732234.7,415802280.6,274454066.3,26385663.27,151282658.2,16538520.41,161936484.7,83734591.84,310969489.8,50355301.02,305312346.9,700168632.7,546618806.1,310242627.6,147759918.4,134025081.6,361976949
20171115-PMF-CPEEB-AW-48__GC-MS-AA__1__029,QC-1-29,QC,,26,NA,29,773760785.7,385031581.6,13324627.55,422259357.1,434080244.9,282844234.7,27998346.94,155167831.6,15620061.22,161968607.1,84221479.59,314870933.7,57476653.06,315296596.9,712705091.8,550326377.6,315426729.6,133468127.6,134198591.8,367942168.4
20171115-PMF-CPEEB-AW-48__GC-MS-AA__1__036,QC-1-36,QC,,26,NA,36,753527530.6,375122306.1,13054336.73,410580913.3,423295285.7,276787316.3,26123933.67,149288974.5,21429479.59,153478000,78780219.39,312308846.9,62501561.22,302884117.3,695237520.4,543668607.1,307530668.4,133463290.8,129071954.1,356807877.6
20171115-PMF-CPEEB-AW-48__GC-MS-AA__1__043,QC-1-43,QC,,26,NA,43,772914811.2,361370739.8,12755551.02,412651367.3,429711872.4,276537658.2,26317367.35,151302566.3,19307545.92,158644622.4,78329096.94,319404709.2,73543459.18,306913311.2,705967346.9,562296142.9,314636413.3,143943071.4,129120520.4,365904301
20171115-PMF-CPEEB-AW-48__GC-MS-AA__1__050,QC-1-50,QC,,26,NA,50,792915760.2,370044357.1,12634545.92,423278586.7,435852178.6,283607494.9,26123897.96,155083454.1,14210928.57,164116913.3,81044397.96,325269581.6,81896709.18,318791949,724576576.5,565307015.3,320306408.2,143209255.1,133570443.9,377223362.2
20171115-PMF-CPEEB-AW-48__GC-MS-AA__1__057,QC-1-57,QC,,26,NA,57,784018627.6,371355107.1,12639704.08,414624204.1,434536224.5,281540811.2,26044627.55,153575770.4,16814938.78,159823056.1,78679051.02,320306321.4,86739219.39,313214346.9,721578321.4,562714234.7,319411474.5,140023219.4,131952091.8,374473056.1
20171115-PMF-CPEEB-AW-48__GC-MS-AA__1__064,QC-1-64,QC,,26,NA,64,793619515.3,371212928.6,12063780.61,421158566.3,429103137.8,280596826.5,25392984.69,153638785.7,19526045.92,158755020.4,76986831.63,325040750,95748836.73,313744418.4,721359403.1,575140846.9,319974153.1,142222867.3,132276071.4,374959836.7
20171115-PMF-CPEEB-AW-48__GC-MS-AA__1__071,QC-1-71,QC,,26,NA,71,795902255.1,372537061.2,11984051.02,420994494.9,438384326.5,284291301,24728887.76,153548479.6,19731229.59,160845398,77419255.1,323665229.6,99290479.59,311827668.4,723747556.1,572189913.3,321042959.2,142266780.6,132533852,374804846.9
20171115-PMF-CPEEB-AW-48__GC-MS-AA__1__078,QC-1-78,QC,,26,NA,78,782648413.3,387761775.5,12151867.35,420872357.1,436577433.7,281376178.6,24851872.45,153164693.9,15021867.35,157335714.3,74464341.84,318323653.1,100483459.2,308197653.1,710046000,553373775.5,311460816.3,132030438.8,128953295.9,368122301
20171115-PMF-CPEEB-AW-48__GC-MS-AA__1__085,QC-1-85,QC,,26,NA,85,794054607.1,360431964.3,11945632.65,419594545.9,430042290.8,280775535.7,21087107.14,152562443.9,14739867.35,160401474.5,75290448.98,323848204.1,132148994.9,307067040.8,715528112.2,565739331.6,316523464.3,140011239.8,129972408.2,375446454.1