file,sample,order,number,MST,time,rep,Kynurenate,Pyruvate,Lactate,Deoxyuridine,Orotate,Glycerate,Adenine,Urea,Adenosine,cyclic.AMP,Dihydroorotate,F.1.6.P,Uridine,Deoxyinosine.Monophosphate,Hypoxanthine,Phenylalanine,Deoxycytidine,Betaine,Inosine,Leucine,Kynurenine,Isoleucine,Deoxyguanosine,Methionine,Cytidine,Tryptophan,Valine,X3.nitrotyrosine,Pipecolate,Proline,FAD,Flavin.mononucleotide,Carnitine,cyclic.GMP,Tyrosine,Methionine.SO,X2.methylglutarate,AMP,Taurine,Threonine,Hydroxyproline,Glycerophosphocholine,NADH,Acetyl.CoA,Glutamine,Glutathione,Alanine,Fumarate,Glutamate,Glutamate.1,Succinate,NAD,Asparagine,Aspartic.acid,Serine,Ribose.1.P,Ribose.5.P,Ribulose.5.P,Sucrose,Glycerol.3.P,Trehalose,UMP,alpha.ketoglutarate,Malate,Citrulline,Dihydroxyacetone.phosphate,Inosine.monophosphate,Thiamine.pyrophosphate,CMP,Pentose.P,ADP,G.1.P,F.6.P,Hexose.P,Maltotetraose,UDP.glucose,S.adenosylmethionine,Arginosuccinate,Gln.6.P,CySSG,GMP,NADPH,trans.aconitate,NADP,GSSG,ATP,X2.3phosphoglycerate,Phosphoenolpyruvate,cis.aconitate,GDP,X6.phosphogluconate,GTP,CTP,Ornithine,Lysine,Arginine,totalSignal
08-PMF-CPEEB-AW-48__TQS_Hil__1__031,1-Synechocystis_6803-cell-5a-1,38,1,5a,-2,1,1.94E+05,1.38E+06,2.62E+05,7.90E+06,5.60E+06,1.74E+07,9.13E+08,2.71E+06,9.89E+08,6.60E+06,9.14E+06,6.22E+06,2.83E+07,6.79E+06,7.69E+06,2.85E+07,6.52E+04,1.19E+07,3.65E+07,2.03E+06,9.89E+04,3.68E+06,4.38E+06,4.03E+06,2.11E+07,5.62E+06,1.99E+06,2.06E+05,1.26E+07,1.01E+07,1.91E+07,2.65E+06,1.00E+06,9.35E+05,1.17E+07,8.34E+06,1.51E+05,1.60E+05,5.18E+05,1.88E+06,1.07E+06,2.97E+05,2.37E+08,2.03E+07,3.50E+07,1.07E+05,7.32E+04,6.67E+05,2.17E+08,4.61E+08,4.17E+06,2.81E+07,7.22E+04,1.31E+07,8.54E+05,2.57E+07,2.57E+07,2.57E+07,1.71E+06,5.92E+06,1.76E+06,1.36E+07,1.33E+06,1.83E+07,1.59E+07,3.63E+06,1.05E+06,1.79E+07,5.26E+06,2.57E+07,2.40E+07,4.77E+07,4.77E+07,4.77E+07,1.61E+05,4.35E+07,2.91E+08,3.34E+06,4.76E+06,1.16E+06,1.04E+07,4.21E+06,4.37E+06,1.13E+08,3.87E+08,1.15E+07,4.25E+07,1.60E+06,1.58E+06,2.39E+07,1.51E+07,4.59E+06,2.30E+03,6.22E+05,3.40E+06,1.37E+08,4.67E+09
08-PMF-CPEEB-AW-48__TQS_Hil__1__011,10-Synechocystis_6803-cell-7a-1,15,10,7a,0,1,1.77E+05,1.19E+03,6.93E+04,6.33E+06,4.51E+06,1.40E+07,7.57E+08,2.35E+06,8.20E+08,5.24E+06,7.42E+06,4.98E+06,2.12E+07,5.48E+06,5.85E+06,2.18E+07,4.16E+04,1.30E+07,2.21E+07,1.56E+06,6.41E+04,2.69E+06,2.04E+06,1.82E+06,1.19E+07,4.62E+06,1.47E+06,1.53E+05,1.11E+07,8.26E+06,1.87E+07,1.25E+06,5.62E+05,3.13E+05,7.57E+06,4.40E+06,1.30E+05,9.81E+04,5.86E+05,8.18E+05,7.41E+05,4.12E+05,1.49E+08,1.80E+07,3.42E+07,6.19E+05,9.46E+04,3.92E+05,1.71E+08,4.21E+08,3.83E+06,1.99E+07,2.62E+04,8.80E+06,5.96E+05,1.77E+07,1.77E+07,1.75E+07,1.00E+06,1.08E+07,1.03E+06,9.51E+06,1.22E+06,1.29E+07,1.55E+07,1.26E+06,1.05E+06,1.65E+07,3.63E+06,1.76E+07,2.16E+07,2.11E+07,2.11E+07,2.11E+07,6.35E+04,2.87E+07,2.02E+08,2.33E+06,2.48E+06,8.92E+05,9.53E+06,3.95E+06,3.37E+06,1.10E+08,2.70E+08,9.15E+06,4.16E+07,2.56E+06,2.32E+06,1.85E+07,6.48E+06,5.38E+06,2.79E+03,1.60E+06,4.60E+06,1.63E+08,3.74E+09
08-PMF-CPEEB-AW-48__TQS_Hil__1__084,11-Synechocystis_6803-cell-7a-2,98,11,7a,0,2,3.56E+05,3.36E+02,4.01E+04,9.04E+06,6.29E+06,1.93E+07,1.23E+09,3.02E+06,1.11E+09,7.38E+06,1.05E+07,6.99E+06,3.12E+07,7.69E+06,8.33E+06,2.64E+07,6.05E+04,9.89E+06,3.20E+07,1.67E+06,3.72E+04,2.81E+06,3.63E+06,3.11E+06,1.63E+07,5.57E+06,1.44E+06,3.82E+05,1.36E+07,1.03E+07,1.59E+07,1.59E+06,9.75E+05,2.74E+05,8.79E+06,6.14E+06,2.35E+05,1.47E+05,6.33E+05,7.40E+05,7.72E+05,5.92E+05,2.05E+08,1.52E+07,4.61E+07,1.01E+06,8.99E+04,8.21E+05,2.28E+08,4.46E+08,6.21E+06,3.19E+07,9.61E+04,1.63E+07,6.14E+05,1.98E+07,1.98E+07,1.98E+07,1.87E+06,1.40E+07,2.18E+06,1.41E+07,1.03E+06,2.37E+07,2.08E+07,1.28E+06,1.17E+06,1.43E+07,4.54E+06,1.98E+07,3.69E+07,2.45E+07,2.45E+07,2.45E+07,9.57E+04,3.82E+07,2.97E+08,3.13E+06,2.75E+06,7.35E+05,1.18E+07,4.69E+06,7.07E+06,1.22E+08,3.50E+08,1.56E+07,6.55E+07,4.16E+06,3.55E+06,2.48E+07,5.90E+06,6.63E+06,6.35E+03,1.30E+06,4.12E+06,2.42E+08,5.11E+09
08-PMF-CPEEB-AW-48__TQS_Hil__1__019,12-Synechocystis_6803-cell-7a-3,24,12,7a,0,3,1.61E+05,9.77E+02,2.18E+04,5.73E+06,4.06E+06,1.27E+07,6.88E+08,2.09E+06,7.46E+08,4.74E+06,6.79E+06,4.51E+06,1.77E+07,4.93E+06,4.35E+06,1.76E+07,5.55E+04,1.12E+07,1.89E+07,1.27E+06,6.85E+04,2.06E+06,2.08E+06,1.69E+06,9.68E+06,5.05E+06,1.16E+06,1.45E+05,1.02E+07,5.04E+06,1.84E+07,1.58E+06,5.76E+05,2.21E+05,6.22E+06,3.38E+06,1.40E+05,7.06E+04,3.68E+05,6.41E+05,1.01E+06,3.57E+05,1.57E+08,1.02E+07,3.95E+07,4.81E+05,9.49E+04,3.28E+05,1.41E+08,3.67E+08,3.52E+06,2.10E+07,4.64E+04,6.62E+06,4.87E+05,9.56E+06,9.52E+06,8.97E+06,8.95E+05,7.01E+06,9.86E+05,8.84E+06,8.98E+05,9.87E+06,1.88E+07,6.99E+05,1.03E+06,1.40E+07,2.76E+06,9.46E+06,2.43E+07,1.06E+07,1.06E+07,1.06E+07,5.45E+04,2.61E+07,1.97E+08,2.25E+06,1.56E+06,7.01E+05,9.32E+06,3.85E+06,3.24E+06,1.02E+08,2.43E+08,1.14E+07,3.59E+07,1.77E+06,1.74E+06,1.65E+07,2.58E+06,4.90E+06,3.84E+03,1.64E+06,4.16E+06,1.80E+08,3.38E+09
08-PMF-CPEEB-AW-48__TQS_Hil__1__058,13-Synechocystis_6803-cell-730a-1,69,13,730a,0.5,1,3.66E+05,1.06E+06,2.84E+05,1.16E+07,8.14E+06,2.48E+07,1.65E+09,4.35E+06,1.39E+09,9.62E+06,1.34E+07,9.15E+06,4.81E+07,9.83E+06,4.02E+07,6.58E+07,1.39E+05,1.23E+07,1.01E+08,5.23E+06,1.44E+05,1.31E+07,8.20E+06,7.52E+06,6.97E+07,2.32E+07,6.50E+06,4.78E+05,2.22E+07,2.07E+07,1.16E+07,1.35E+06,1.24E+06,3.21E+05,3.33E+07,1.05E+07,2.28E+05,4.41E+04,1.09E+06,2.61E+06,1.74E+06,1.63E+06,1.94E+08,1.01E+07,6.38E+07,5.90E+05,8.63E+04,1.43E+06,2.48E+08,5.14E+08,5.55E+06,2.86E+07,3.30E+05,3.40E+07,1.02E+06,2.40E+07,2.31E+07,2.35E+07,3.14E+06,1.54E+07,3.28E+06,9.83E+06,9.91E+04,4.04E+07,1.08E+08,2.88E+06,9.91E+05,1.40E+07,4.64E+06,2.40E+07,1.07E+07,4.20E+07,4.20E+07,4.20E+07,1.45E+05,4.94E+07,5.21E+08,1.21E+07,4.99E+06,8.90E+05,4.24E+06,4.13E+06,3.86E+06,1.16E+08,3.79E+08,5.56E+06,1.14E+08,7.56E+06,3.84E+06,2.57E+07,1.26E+07,2.61E+06,7.46E+03,9.77E+05,3.23E+06,2.34E+08,6.68E+09
08-PMF-CPEEB-AW-48__TQS_Hil__1__049,14-Synechocystis_6803-cell-730a-2,58,14,730a,0.5,2,2.03E+05,1.51E+03,1.28E+05,7.18E+06,5.12E+06,1.57E+07,9.25E+08,2.61E+06,9.07E+08,5.96E+06,8.71E+06,5.66E+06,2.20E+07,6.23E+06,1.94E+07,5.90E+07,6.14E+04,1.60E+07,6.66E+07,3.62E+06,5.84E+04,1.06E+07,2.86E+06,6.97E+06,2.08E+07,2.13E+07,5.51E+06,2.15E+05,1.26E+07,1.20E+07,2.13E+07,1.17E+06,9.29E+05,2.91E+05,2.92E+07,4.38E+06,1.40E+05,2.18E+05,4.76E+05,1.57E+06,7.16E+05,5.26E+05,2.04E+08,1.17E+07,4.73E+07,5.41E+05,1.27E+05,9.64E+05,1.71E+08,4.06E+08,4.17E+06,2.58E+07,1.90E+05,2.43E+07,1.97E+06,1.74E+07,1.74E+07,1.77E+07,1.05E+07,1.48E+07,1.06E+07,1.19E+07,1.01E+06,2.86E+07,8.81E+07,2.16E+06,3.21E+06,1.68E+07,6.45E+06,1.74E+07,3.15E+07,2.79E+07,2.79E+07,2.79E+07,1.00E+05,4.55E+07,3.83E+08,1.24E+07,5.72E+06,1.25E+06,2.36E+07,4.89E+06,4.15E+06,1.26E+08,3.31E+08,1.40E+07,1.25E+08,9.15E+06,2.20E+06,2.51E+07,1.12E+07,1.14E+07,1.22E+04,1.66E+06,3.72E+06,3.12E+08,4.96E+09
08-PMF-CPEEB-AW-48__TQS_Hil__1__034,15-Synechocystis_6803-cell-730a-3,41,15,730a,0.5,3,2.16E+05,1.91E+06,8.23E+04,9.62E+06,6.80E+06,2.08E+07,1.26E+09,3.16E+06,1.19E+09,8.04E+06,1.10E+07,7.70E+06,2.34E+07,8.49E+06,1.98E+07,6.51E+07,8.18E+04,1.53E+07,7.70E+07,3.88E+06,1.67E+05,1.23E+07,4.03E+06,7.83E+06,2.32E+07,2.62E+07,6.44E+06,1.05E+05,1.45E+07,1.49E+07,2.19E+07,1.89E+06,9.29E+05,3.78E+05,3.75E+07,3.89E+06,1.19E+05,2.33E+05,6.96E+05,1.91E+06,1.19E+06,6.55E+05,2.51E+08,1.25E+07,4.57E+07,7.07E+05,1.28E+05,1.32E+06,2.22E+08,5.05E+08,4.78E+06,3.23E+07,2.69E+05,2.99E+07,2.35E+06,2.26E+07,2.16E+07,2.17E+07,4.47E+06,2.09E+07,4.84E+06,1.47E+07,2.26E+06,3.67E+07,1.04E+08,2.69E+06,2.44E+06,2.31E+07,6.45E+06,2.25E+07,3.44E+07,3.37E+07,3.37E+07,3.37E+07,1.60E+05,6.00E+07,4.32E+08,1.21E+07,5.98E+06,1.28E+06,2.08E+07,5.10E+06,5.85E+06,1.44E+08,3.97E+08,1.11E+07,9.78E+07,5.26E+06,2.14E+06,2.58E+07,7.90E+06,9.80E+06,9.02E+03,1.58E+06,4.19E+06,2.73E+08,5.99E+09
08-PMF-CPEEB-AW-48__TQS_Hil__1__062,16-Synechocystis_6803-cell-8a-1,73,16,8a,1,1,3.67E+05,1.05E+06,1.83E+05,1.03E+07,7.31E+06,2.25E+07,1.56E+09,3.70E+06,1.27E+09,8.60E+06,1.21E+07,8.09E+06,4.47E+07,8.86E+06,7.83E+07,7.80E+07,7.84E+04,1.75E+07,1.93E+08,6.88E+06,8.27E+04,1.36E+07,5.81E+06,1.55E+07,7.48E+07,2.98E+07,7.71E+06,3.02E+05,2.51E+07,4.08E+07,1.93E+07,2.74E+06,1.51E+06,7.32E+05,3.49E+07,1.12E+07,2.02E+05,2.32E+05,1.98E+06,3.43E+06,1.66E+06,1.32E+06,2.13E+08,1.03E+07,7.94E+07,1.40E+06,1.17E+05,1.94E+06,2.62E+08,5.27E+08,5.44E+06,3.47E+07,4.94E+05,4.70E+07,2.22E+06,3.10E+07,3.16E+07,3.17E+07,2.01E+06,2.34E+07,1.93E+06,2.15E+07,9.93E+05,5.54E+07,1.42E+08,2.46E+06,5.53E+06,1.16E+07,1.43E+07,3.10E+07,3.05E+07,3.83E+07,3.83E+07,3.83E+07,2.49E+05,6.30E+07,7.50E+08,2.53E+07,7.36E+06,1.16E+06,3.05E+07,4.76E+06,4.33E+06,1.28E+08,4.78E+08,1.15E+07,1.35E+08,7.94E+06,3.59E+06,3.14E+07,1.66E+07,8.96E+06,1.40E+04,1.33E+06,2.69E+06,3.14E+08,7.39E+09
08-PMF-CPEEB-AW-48__TQS_Hil__1__065,17-Synechocystis_6803-cell-8a-2,77,17,8a,1,2,3.72E+05,1.20E+06,1.14E+05,1.08E+07,7.45E+06,2.30E+07,1.66E+09,3.67E+06,1.32E+09,8.97E+06,1.30E+07,8.45E+06,4.16E+07,9.28E+06,8.02E+07,8.33E+07,9.03E+04,2.28E+07,1.93E+08,7.19E+06,1.53E+05,1.36E+07,5.53E+06,1.68E+07,7.47E+07,3.31E+07,8.50E+06,2.87E+05,2.49E+07,3.77E+07,1.99E+07,2.41E+06,1.30E+06,4.06E+05,3.54E+07,1.02E+07,2.40E+05,2.67E+05,1.73E+06,2.16E+06,9.91E+05,1.22E+06,2.43E+08,1.12E+07,9.44E+07,1.13E+06,1.33E+05,1.89E+06,2.50E+08,5.04E+08,6.38E+06,4.28E+07,5.82E+05,5.15E+07,2.22E+06,2.79E+07,2.80E+07,2.80E+07,1.57E+06,2.04E+07,1.77E+06,2.27E+07,1.58E+06,5.33E+07,1.68E+08,2.77E+06,6.06E+06,1.42E+07,1.60E+07,2.79E+07,3.69E+07,3.88E+07,3.88E+07,3.88E+07,2.54E+05,8.46E+07,7.78E+08,3.21E+07,7.62E+06,1.18E+06,3.45E+07,5.02E+06,7.36E+06,1.33E+08,4.89E+08,1.42E+07,1.42E+08,8.56E+06,4.24E+06,3.56E+07,1.56E+07,1.29E+07,1.85E+04,1.75E+06,2.77E+06,3.70E+08,7.75E+09
08-PMF-CPEEB-AW-48__TQS_Hil__1__046,18-Synechocystis_6803-cell-8a-3,55,18,8a,1,3,2.17E+05,1.31E+06,1.42E+05,8.46E+06,5.93E+06,1.85E+07,1.14E+09,3.03E+06,1.06E+09,7.05E+06,1.03E+07,6.68E+06,3.51E+07,7.30E+06,4.25E+07,7.31E+07,7.76E+04,1.29E+07,1.62E+08,5.34E+06,1.86E+05,1.16E+07,4.05E+06,1.26E+07,4.46E+07,2.72E+07,6.92E+06,1.95E+05,1.58E+07,2.55E+07,3.04E+07,2.62E+06,8.72E+05,3.69E+05,3.58E+07,7.16E+06,2.06E+05,1.95E+05,9.92E+05,2.35E+06,9.32E+05,5.17E+05,2.58E+08,1.29E+07,8.45E+07,8.67E+05,1.25E+05,1.67E+06,2.17E+08,4.83E+08,5.82E+06,3.50E+07,4.91E+05,4.04E+07,2.25E+06,2.54E+07,2.54E+07,2.54E+07,1.09E+06,2.18E+07,1.19E+06,2.21E+07,8.46E+05,4.92E+07,1.49E+08,3.17E+06,6.80E+06,2.22E+07,1.62E+07,2.54E+07,3.43E+07,4.24E+07,4.24E+07,4.24E+07,2.20E+05,7.49E+07,6.15E+08,4.01E+07,7.21E+06,1.26E+06,3.84E+07,5.59E+06,3.45E+06,1.48E+08,4.56E+08,1.38E+07,1.30E+08,7.73E+06,2.74E+06,3.57E+07,1.70E+07,1.60E+07,3.19E+04,2.31E+06,3.38E+06,4.67E+08,6.62E+09
08-PMF-CPEEB-AW-48__TQS_Hil__1__052,19-Synechocystis_6803-cell-9a-1,62,19,9a,2,1,2.39E+05,2.14E+03,1.18E+05,9.17E+06,6.50E+06,2.00E+07,1.27E+09,3.13E+06,1.15E+09,7.66E+06,1.10E+07,7.32E+06,3.75E+07,7.93E+06,3.96E+07,6.85E+07,1.05E+05,1.61E+07,1.41E+08,4.82E+06,1.53E+05,1.07E+07,6.35E+06,1.19E+07,5.84E+07,2.64E+07,6.25E+06,1.87E+04,1.50E+07,3.16E+07,2.22E+07,1.53E+06,6.44E+05,5.29E+05,3.63E+07,5.23E+06,1.46E+05,1.83E+05,1.19E+06,2.60E+06,8.72E+05,5.56E+05,2.18E+08,1.03E+07,8.87E+07,7.04E+05,1.24E+05,1.75E+06,2.09E+08,4.57E+08,4.82E+06,2.97E+07,4.07E+05,3.73E+07,2.06E+06,1.82E+07,1.82E+07,1.82E+07,1.53E+06,1.93E+07,1.58E+06,1.76E+07,1.68E+06,4.71E+07,1.49E+08,3.30E+06,3.93E+06,1.84E+07,1.41E+07,1.82E+07,2.02E+07,2.87E+07,2.87E+07,2.87E+07,2.70E+05,9.21E+07,5.82E+08,3.90E+07,4.16E+06,1.33E+06,2.92E+07,3.72E+06,5.68E+06,9.80E+07,4.96E+08,4.77E+06,5.90E+07,3.01E+06,1.22E+06,3.49E+07,6.06E+06,7.22E+06,3.61E+04,1.83E+06,2.30E+06,4.87E+08,6.51E+09
08-PMF-CPEEB-AW-48__TQS_Hil__1__077,2-Synechocystis_6803-cell-5a-2,90,2,5a,-2,2,2.76E+05,6.06E+05,2.35E+05,9.25E+06,6.51E+06,2.00E+07,1.27E+09,3.62E+06,1.15E+09,7.65E+06,1.03E+07,7.27E+06,3.64E+07,8.01E+06,1.10E+07,3.53E+07,6.13E+04,8.92E+06,4.53E+07,2.62E+06,6.70E+04,4.54E+06,5.29E+06,4.39E+06,2.67E+07,7.36E+06,2.40E+06,4.70E+05,1.80E+07,1.67E+07,2.37E+07,3.50E+06,1.43E+06,8.52E+05,1.42E+07,1.19E+07,1.09E+05,3.19E+05,8.88E+05,2.27E+06,1.31E+06,4.63E+05,2.84E+08,2.72E+07,3.86E+07,3.89E+05,8.29E+04,1.01E+06,2.72E+08,4.98E+08,5.29E+06,4.09E+07,7.72E+04,1.86E+07,8.71E+05,3.32E+07,3.31E+07,3.31E+07,1.97E+06,9.35E+06,2.03E+06,1.61E+07,7.68E+05,2.69E+07,2.07E+07,4.22E+06,1.40E+06,2.23E+07,6.14E+06,3.32E+07,4.53E+07,5.20E+07,5.20E+07,5.20E+07,2.65E+05,4.59E+07,3.95E+08,4.07E+06,5.02E+06,1.31E+06,1.88E+07,5.42E+06,5.95E+06,1.39E+08,5.11E+08,2.10E+07,5.71E+07,2.40E+06,3.05E+06,3.17E+07,1.49E+07,1.02E+07,3.71E+03,7.41E+05,3.21E+06,1.74E+08,5.86E+09
08-PMF-CPEEB-AW-48__TQS_Hil__1__017,20-Synechocystis_6803-cell-9a-2,22,20,9a,2,2,1.68E+05,4.32E+03,2.62E+05,6.57E+06,4.62E+06,1.45E+07,8.96E+08,2.56E+06,8.63E+08,5.41E+06,8.54E+06,5.16E+06,2.76E+07,5.71E+06,4.20E+07,7.48E+07,5.82E+04,1.37E+07,1.18E+08,6.01E+06,2.55E+05,1.27E+07,4.28E+06,1.33E+07,4.71E+07,3.01E+07,7.42E+06,1.67E+05,1.50E+07,3.46E+07,2.82E+07,2.04E+06,6.19E+05,5.04E+05,3.82E+07,5.15E+06,1.85E+05,2.37E+05,6.34E+05,4.01E+06,1.11E+06,6.13E+05,2.21E+08,1.30E+07,9.44E+07,9.91E+05,1.12E+05,1.25E+06,1.95E+08,4.76E+08,3.05E+06,3.09E+07,3.85E+05,3.27E+07,2.09E+06,1.88E+07,1.84E+07,1.83E+07,1.12E+06,2.26E+07,1.14E+06,1.84E+07,2.42E+06,3.85E+07,1.57E+08,4.04E+06,5.25E+06,2.17E+07,1.62E+07,1.87E+07,3.01E+07,3.59E+07,3.59E+07,3.59E+07,2.26E+05,8.08E+07,4.41E+08,3.91E+07,4.21E+06,1.35E+06,4.50E+07,4.12E+06,5.56E+06,1.13E+08,4.55E+08,8.11E+06,7.26E+07,3.46E+06,1.20E+06,3.47E+07,1.08E+07,1.57E+07,2.51E+04,2.33E+06,2.10E+06,4.23E+08,5.68E+09
08-PMF-CPEEB-AW-48__TQS_Hil__1__063,21-Synechocystis_6803-cell-9a-3,74,21,9a,2,3,3.23E+05,1.17E+06,2.38E+05,9.26E+06,6.44E+06,1.99E+07,1.38E+09,3.56E+06,1.15E+09,7.66E+06,1.11E+07,7.15E+06,4.36E+07,7.96E+06,7.07E+07,8.41E+07,6.92E+04,8.45E+06,1.68E+08,7.05E+06,1.14E+05,1.28E+07,6.76E+06,1.20E+07,7.92E+07,3.37E+07,8.07E+06,2.05E+05,2.41E+07,4.81E+07,2.26E+07,1.95E+06,1.00E+06,5.03E+05,3.59E+07,1.09E+07,2.90E+05,3.83E+05,1.32E+06,3.62E+06,1.54E+06,1.24E+06,2.49E+08,1.56E+07,1.12E+08,1.13E+06,1.27E+05,2.10E+06,2.60E+08,5.06E+08,5.92E+06,3.64E+07,6.56E+05,5.54E+07,2.01E+06,2.70E+07,2.72E+07,2.73E+07,1.90E+06,2.71E+07,2.02E+06,2.50E+07,7.73E+05,5.49E+07,1.77E+08,2.64E+06,6.12E+06,2.03E+07,2.01E+07,2.70E+07,4.27E+07,3.75E+07,3.75E+07,3.75E+07,3.00E+05,1.07E+08,7.44E+08,4.28E+07,7.03E+06,1.03E+06,4.71E+07,5.09E+06,7.16E+06,1.37E+08,5.62E+08,1.72E+07,1.47E+08,8.73E+06,4.73E+06,4.31E+07,1.50E+07,1.33E+07,3.57E+04,2.29E+06,1.78E+06,4.89E+08,7.54E+09
08-PMF-CPEEB-AW-48__TQS_Hil__1__021,22-Synechocystis_6803-cell-11a-1,26,22,11a,4,1,1.39E+05,3.01E+03,3.79E+05,6.45E+06,4.56E+06,1.41E+07,7.91E+08,2.33E+06,8.17E+08,5.29E+06,8.19E+06,5.05E+06,2.94E+07,5.55E+06,2.43E+07,6.96E+07,5.15E+04,4.30E+06,8.01E+07,5.44E+06,1.14E+05,1.02E+07,5.49E+06,1.03E+07,3.39E+07,2.70E+07,5.96E+06,1.24E+05,1.27E+07,4.29E+07,2.76E+07,2.65E+06,4.94E+05,3.08E+05,4.13E+07,6.83E+06,1.34E+05,2.04E+05,1.49E+06,3.65E+06,1.02E+06,6.34E+05,1.86E+08,1.48E+07,7.79E+07,9.22E+05,1.16E+05,9.72E+05,1.81E+08,4.46E+08,2.78E+06,2.53E+07,8.99E+04,3.27E+07,1.85E+06,2.14E+07,2.11E+07,2.08E+07,1.79E+06,2.44E+07,1.87E+06,1.36E+07,7.79E+05,2.81E+07,4.40E+07,2.68E+06,3.21E+06,2.33E+07,8.95E+06,2.14E+07,2.58E+07,3.53E+07,3.53E+07,3.53E+07,3.23E+05,8.17E+07,3.91E+08,1.50E+07,5.21E+06,1.03E+06,2.43E+07,4.89E+06,4.17E+06,1.29E+08,5.49E+08,1.03E+07,1.08E+08,5.93E+06,2.21E+06,2.93E+07,1.36E+07,8.74E+06,4.54E+04,2.55E+06,1.73E+06,5.41E+08,5.38E+09
08-PMF-CPEEB-AW-48__TQS_Hil__1__039,23-Synechocystis_6803-cell-11a-2,47,23,11a,4,2,1.53E+05,4.58E+03,2.77E+05,8.90E+06,6.27E+06,1.93E+07,1.14E+09,3.08E+06,1.10E+09,7.39E+06,1.10E+07,7.03E+06,3.84E+07,7.74E+06,3.49E+07,8.43E+07,9.27E+04,1.60E+07,1.35E+08,7.06E+06,2.12E+05,1.24E+07,9.37E+06,1.30E+07,4.35E+07,3.30E+07,7.24E+06,4.42E+04,1.37E+07,4.14E+07,2.57E+07,3.15E+06,5.76E+05,3.96E+05,4.99E+07,6.03E+06,2.25E+05,2.12E+05,1.30E+06,3.64E+06,8.85E+05,6.35E+05,2.57E+08,1.01E+07,8.65E+07,9.37E+05,1.27E+05,1.41E+06,2.40E+08,5.24E+08,5.57E+06,3.23E+07,1.77E+05,4.75E+07,2.32E+06,2.99E+07,2.99E+07,2.99E+07,2.80E+06,2.96E+07,2.87E+06,2.23E+07,2.09E+06,4.03E+07,5.47E+07,4.61E+06,3.96E+06,1.98E+07,1.49E+07,2.99E+07,2.96E+07,5.48E+07,5.48E+07,5.48E+07,5.00E+05,1.09E+08,5.82E+08,1.47E+07,7.43E+06,1.72E+06,3.22E+07,5.92E+06,6.03E+06,1.54E+08,7.17E+08,9.39E+06,1.72E+08,9.96E+06,3.72E+06,3.86E+07,2.08E+07,1.51E+07,5.59E+04,2.61E+06,1.94E+06,6.00E+08,7.12E+09
08-PMF-CPEEB-AW-48__TQS_Hil__1__070,24-Synechocystis_6803-cell-11a-3,82,24,11a,4,3,2.84E+05,1.54E+06,3.23E+05,1.01E+07,6.99E+06,2.15E+07,1.51E+09,3.93E+06,1.23E+09,8.34E+06,1.20E+07,7.87E+06,4.85E+07,8.66E+06,5.50E+07,9.22E+07,1.03E+05,1.82E+07,1.48E+08,7.95E+06,1.59E+05,1.40E+07,1.15E+07,1.17E+07,6.94E+07,3.53E+07,7.92E+06,1.54E+05,2.04E+07,5.25E+07,1.74E+07,2.43E+06,8.28E+05,3.39E+05,4.90E+07,1.25E+07,2.17E+05,1.48E+05,1.31E+06,3.17E+06,1.11E+06,7.22E+05,2.51E+08,6.23E+06,9.89E+07,7.49E+05,7.53E+04,1.47E+06,2.72E+08,4.84E+08,7.01E+06,3.23E+07,2.32E+05,5.76E+07,2.09E+06,2.51E+07,2.43E+07,2.48E+07,2.24E+06,2.54E+07,2.34E+06,2.01E+07,2.13E+05,3.93E+07,5.27E+07,4.06E+06,2.95E+06,9.59E+06,1.17E+07,2.50E+07,2.88E+07,4.68E+07,4.68E+07,4.68E+07,4.84E+05,1.21E+08,6.85E+08,1.17E+07,5.46E+06,1.15E+06,2.31E+07,4.32E+06,7.40E+06,1.15E+08,6.71E+08,1.06E+07,1.48E+08,9.64E+06,3.89E+06,3.97E+07,1.40E+07,1.01E+07,4.87E+04,1.96E+06,1.54E+06,5.24E+08,7.57E+09
08-PMF-CPEEB-AW-48__TQS_Hil__1__045,25-Synechocystis_6803-cell-1p-1,54,25,1p,6,1,1.85E+05,2.45E+03,1.22E+05,1.06E+07,7.43E+06,2.27E+07,1.36E+09,3.48E+06,1.28E+09,8.88E+06,1.22E+07,8.38E+06,4.05E+07,9.25E+06,2.35E+07,8.52E+07,1.22E+05,1.39E+07,7.79E+07,6.37E+06,2.19E+05,1.10E+07,8.49E+06,1.38E+07,3.72E+07,2.79E+07,6.24E+06,7.82E+04,1.33E+07,4.59E+07,2.90E+07,4.05E+06,7.25E+05,3.30E+05,4.87E+07,6.03E+06,1.74E+05,8.41E+04,1.86E+06,3.06E+06,8.06E+05,5.56E+05,2.17E+08,1.08E+07,7.91E+07,7.86E+05,1.26E+05,1.23E+06,2.24E+08,4.88E+08,5.95E+06,2.94E+07,1.50E+05,3.81E+07,2.12E+06,2.66E+07,2.60E+07,2.62E+07,2.52E+06,3.74E+07,2.61E+06,1.80E+07,1.49E+06,3.64E+07,5.31E+07,3.06E+06,1.58E+06,1.11E+07,7.95E+06,2.64E+07,2.28E+07,5.78E+07,5.78E+07,5.78E+07,6.96E+05,1.07E+08,5.06E+08,1.20E+07,7.86E+06,1.55E+06,1.72E+07,6.44E+06,5.77E+06,1.69E+08,8.35E+08,8.23E+06,1.56E+08,9.53E+06,3.85E+06,3.03E+07,1.97E+07,7.74E+06,4.85E+04,3.15E+06,2.04E+06,5.62E+08,7.27E+09
08-PMF-CPEEB-AW-48__TQS_Hil__1__081,26-Synechocystis_6803-cell-1p-2,95,26,1p,6,2,2.48E+05,1.20E+06,1.62E+05,9.05E+06,6.37E+06,1.95E+07,1.40E+09,3.01E+06,1.14E+09,7.52E+06,1.05E+07,7.14E+06,3.74E+07,7.89E+06,2.55E+07,7.32E+07,7.66E+04,1.63E+07,1.00E+08,5.72E+06,1.49E+05,9.15E+06,8.29E+06,9.16E+06,2.74E+07,2.44E+07,5.02E+06,1.17E+05,1.08E+07,3.70E+07,1.96E+07,2.03E+06,8.06E+05,3.56E+05,4.43E+07,7.68E+06,1.63E+05,2.20E+05,1.27E+06,2.54E+06,1.18E+06,1.43E+05,2.54E+08,8.69E+06,6.22E+07,7.57E+05,5.84E+04,1.66E+06,2.18E+08,4.08E+08,7.00E+06,2.99E+07,2.14E+05,4.84E+07,1.38E+06,3.10E+07,3.00E+07,3.03E+07,2.86E+06,3.66E+07,3.04E+06,2.27E+07,6.05E+05,4.78E+07,5.15E+07,3.60E+06,2.12E+06,1.17E+07,1.09E+07,3.10E+07,3.30E+07,6.61E+07,6.61E+07,6.61E+07,6.35E+05,1.11E+08,4.77E+08,1.25E+07,7.18E+06,1.49E+06,2.75E+07,5.15E+06,8.46E+06,1.35E+08,7.58E+08,9.95E+06,1.70E+08,1.18E+07,3.19E+06,3.51E+07,2.22E+07,7.14E+06,4.03E+04,2.51E+06,1.51E+06,4.86E+08,6.96E+09
08-PMF-CPEEB-AW-48__TQS_Hil__1__073,27-Synechocystis_6803-cell-1p-3,86,27,1p,6,3,3.55E+05,1.12E+03,2.42E+05,1.31E+07,9.17E+06,2.80E+07,1.92E+09,4.31E+06,1.56E+09,1.09E+07,1.58E+07,1.03E+07,5.72E+07,1.12E+07,4.31E+07,1.15E+08,1.01E+05,6.26E+06,1.33E+08,9.43E+06,1.99E+05,1.50E+07,1.09E+07,1.50E+07,5.17E+07,3.74E+07,7.65E+06,1.88E+05,1.94E+07,6.43E+07,2.20E+07,4.02E+06,9.88E+05,3.02E+05,5.82E+07,1.03E+07,1.74E+05,1.86E+05,3.85E+06,3.05E+06,9.56E+05,5.15E+05,2.17E+08,1.37E+07,7.97E+07,1.52E+06,9.40E+04,1.68E+06,2.54E+08,5.14E+08,7.04E+06,3.15E+07,2.22E+05,6.01E+07,2.02E+06,4.82E+07,4.82E+07,4.81E+07,4.15E+06,7.27E+07,4.21E+06,2.12E+07,1.27E+06,4.96E+07,7.31E+07,4.06E+06,1.74E+06,1.64E+07,9.79E+06,4.82E+07,2.49E+07,1.09E+08,1.09E+08,1.09E+08,9.06E+05,1.19E+08,7.59E+08,1.45E+07,1.11E+07,1.78E+06,1.78E+07,6.27E+06,8.70E+06,1.69E+08,1.02E+09,8.20E+06,1.84E+08,1.32E+07,4.14E+06,3.51E+07,4.22E+07,7.64E+06,5.68E+04,4.12E+06,1.92E+06,5.99E+08,9.29E+09
08-PMF-CPEEB-AW-48__TQS_Hil__1__003,28-Synechocystis_6803-cell-3p-1,6,28,3p,8,1,1.77E+05,1.87E+03,1.72E+05,8.49E+06,5.96E+06,1.83E+07,1.11E+09,3.13E+06,1.07E+09,7.04E+06,9.93E+06,6.66E+06,2.93E+07,7.40E+06,9.07E+06,6.16E+07,7.95E+04,1.15E+07,3.35E+07,4.30E+06,1.42E+05,7.80E+06,5.94E+06,9.35E+06,2.09E+07,1.70E+07,4.30E+06,5.43E+04,9.10E+06,2.92E+07,1.91E+07,2.04E+06,4.55E+05,2.60E+05,3.51E+07,4.85E+06,1.87E+05,1.78E+05,1.93E+06,2.20E+06,6.32E+05,4.80E+05,1.93E+08,8.63E+06,5.53E+07,8.22E+05,6.93E+04,1.00E+06,2.24E+08,4.58E+08,6.00E+06,2.22E+07,1.03E+05,2.82E+07,1.65E+06,2.04E+07,2.02E+07,2.02E+07,2.71E+06,2.72E+07,2.83E+06,1.49E+07,1.84E+06,2.76E+07,2.79E+07,2.08E+06,5.44E+05,1.01E+07,6.40E+06,2.05E+07,1.65E+07,5.11E+07,5.11E+07,5.11E+07,3.84E+05,9.55E+07,2.27E+08,4.73E+06,5.17E+06,1.10E+06,1.25E+07,3.37E+06,4.71E+06,9.22E+07,5.69E+08,4.36E+06,7.92E+07,3.49E+06,1.30E+06,1.82E+07,1.62E+07,3.05E+06,9.66E+03,2.55E+06,1.77E+06,2.82E+08,5.37E+09
08-PMF-CPEEB-AW-48__TQS_Hil__1__010,29-Synechocystis_6803-cell-3p-2,14,29,3p,8,2,1.63E+05,1.39E+06,3.00E+05,7.00E+06,4.94E+06,1.52E+07,8.64E+08,2.48E+06,8.75E+08,5.82E+06,8.21E+06,5.53E+06,2.41E+07,6.12E+06,8.98E+06,6.90E+07,2.69E+04,3.95E+06,3.22E+07,4.95E+06,2.16E+05,9.53E+06,4.28E+06,8.15E+06,1.77E+07,2.12E+07,4.46E+06,6.58E+04,8.85E+06,3.35E+07,2.48E+07,2.66E+06,5.14E+05,2.32E+05,3.66E+07,5.29E+06,1.29E+05,1.35E+05,1.24E+06,2.34E+06,8.94E+05,3.51E+05,1.89E+08,1.15E+07,4.15E+07,8.17E+05,4.47E+04,1.12E+06,1.66E+08,4.16E+08,4.05E+06,2.56E+07,8.75E+04,2.25E+07,1.33E+06,2.54E+07,2.49E+07,2.49E+07,3.07E+06,3.17E+07,3.20E+06,1.60E+07,7.30E+05,2.86E+07,3.47E+07,3.37E+06,1.13E+06,1.11E+07,7.59E+06,2.55E+07,2.26E+07,6.94E+07,6.94E+07,6.94E+07,4.00E+05,8.30E+07,2.75E+08,7.89E+06,6.97E+06,1.06E+06,2.08E+07,4.54E+06,4.95E+06,1.18E+08,5.80E+08,7.47E+06,9.72E+07,4.96E+06,1.18E+06,2.45E+07,3.14E+07,6.84E+06,1.79E+04,2.96E+06,1.99E+06,3.45E+08,5.10E+09
08-PMF-CPEEB-AW-48__TQS_Hil__1__013,3-Synechocystis_6803-cell-5a-3,17,3,5a,-2,3,1.66E+05,1.35E+06,1.09E+05,6.92E+06,4.91E+06,1.54E+07,8.06E+08,2.51E+06,8.86E+08,5.77E+06,7.96E+06,5.49E+06,2.44E+07,5.99E+06,7.32E+06,2.50E+07,6.01E+04,1.16E+07,2.78E+07,1.98E+06,5.74E+04,3.61E+06,2.71E+06,4.02E+06,1.79E+07,6.03E+06,2.14E+06,2.01E+05,1.15E+07,9.10E+06,2.13E+07,2.32E+06,8.41E+05,6.06E+05,9.89E+06,7.03E+06,1.84E+05,1.14E+05,2.89E+05,1.76E+06,1.15E+06,4.30E+05,2.20E+08,2.42E+07,3.29E+07,8.20E+05,8.65E+04,4.85E+05,2.06E+08,4.88E+08,3.72E+06,2.91E+07,3.16E+04,1.06E+07,8.62E+05,2.13E+07,2.19E+07,2.18E+07,1.33E+06,8.04E+06,1.35E+06,1.32E+07,1.10E+06,1.36E+07,1.94E+07,2.52E+06,1.29E+06,1.90E+07,4.71E+06,2.13E+07,2.79E+07,3.27E+07,3.27E+07,3.27E+07,1.18E+05,3.49E+07,2.38E+08,3.11E+06,3.86E+06,9.26E+05,1.17E+07,4.77E+06,3.97E+06,1.28E+08,3.53E+08,1.63E+07,4.68E+07,2.31E+06,1.79E+06,2.31E+07,1.07E+07,7.64E+06,4.32E+03,1.24E+06,4.15E+06,1.92E+08,4.35E+09
08-PMF-CPEEB-AW-48__TQS_Hil__1__035,30-Synechocystis_6803-cell-3p-3,42,30,3p,8,3,1.70E+05,1.40E+06,1.18E+05,6.37E+06,4.51E+06,1.38E+07,8.11E+08,2.17E+06,7.92E+08,5.27E+06,7.61E+06,5.01E+06,2.07E+07,5.54E+06,6.97E+06,5.68E+07,4.86E+04,1.08E+07,2.86E+07,3.95E+06,1.35E+05,6.94E+06,5.06E+06,8.20E+06,1.58E+07,1.87E+07,4.44E+06,9.03E+04,9.72E+06,2.52E+07,2.17E+07,1.34E+06,5.24E+05,1.16E+05,3.50E+07,4.24E+06,1.37E+05,4.36E+05,1.23E+06,1.85E+06,9.32E+05,2.49E+05,2.51E+08,4.65E+06,3.18E+07,6.50E+05,6.60E+04,6.85E+05,1.57E+08,3.61E+08,4.12E+06,3.11E+07,1.07E+05,2.56E+07,1.46E+06,1.70E+07,1.71E+07,1.71E+07,2.86E+06,1.61E+07,2.95E+06,1.92E+07,7.62E+05,1.71E+07,3.81E+07,1.38E+06,2.13E+06,1.10E+07,9.18E+06,1.70E+07,4.13E+07,2.89E+07,2.89E+07,2.89E+07,5.56E+05,1.07E+08,3.95E+08,6.24E+06,4.71E+06,1.14E+06,3.98E+07,5.16E+06,1.13E+07,1.39E+08,6.64E+08,1.38E+07,1.58E+08,8.71E+06,2.42E+06,2.91E+07,1.47E+07,1.02E+07,1.33E+04,2.44E+06,1.64E+06,2.91E+08,5.04E+09
08-PMF-CPEEB-AW-48__TQS_Hil__1__027,31-Synechocystis_6803-cell-5p-1,33,31,5p,10,1,1.71E+05,1.87E+03,1.97E+05,6.28E+06,4.41E+06,1.37E+07,7.43E+08,2.27E+06,7.88E+08,5.20E+06,7.41E+06,4.90E+06,2.42E+07,5.40E+06,6.26E+06,5.44E+07,3.94E+04,7.65E+06,2.08E+07,3.50E+06,1.11E+05,6.42E+06,4.49E+06,7.93E+06,2.25E+07,1.69E+07,3.17E+06,1.18E+05,9.29E+06,2.42E+07,1.91E+07,2.37E+06,5.96E+05,1.70E+05,3.10E+07,4.48E+06,9.52E+04,7.43E+04,1.55E+06,1.87E+06,6.84E+05,5.95E+05,1.42E+08,4.82E+06,2.98E+07,6.98E+05,3.94E+04,8.02E+05,1.34E+08,3.50E+08,3.45E+06,1.88E+07,4.54E+04,1.46E+07,1.08E+06,1.53E+07,1.53E+07,1.53E+07,4.43E+06,2.25E+07,4.88E+06,1.02E+07,1.34E+06,2.22E+07,2.27E+07,2.26E+06,2.40E+05,9.33E+06,4.53E+06,1.53E+07,1.16E+07,4.66E+07,4.66E+07,4.66E+07,5.26E+05,7.39E+07,2.90E+08,3.90E+06,4.15E+06,1.43E+06,7.96E+06,3.12E+06,3.68E+06,8.23E+07,6.18E+08,3.76E+06,5.90E+07,2.89E+06,1.03E+06,1.77E+07,1.65E+07,3.54E+06,8.62E+03,1.50E+06,1.90E+06,2.16E+08,4.29E+09
08-PMF-CPEEB-AW-48__TQS_Hil__1__047,32-Synechocystis_6803-cell-5p-2,56,32,5p,10,2,2.04E+05,1.17E+06,5.27E+04,6.41E+06,4.50E+06,1.38E+07,8.10E+08,2.25E+06,7.75E+08,5.33E+06,7.59E+06,5.05E+06,2.06E+07,5.55E+06,6.28E+06,5.50E+07,4.52E+04,1.17E+07,2.10E+07,3.27E+06,1.70E+05,5.90E+06,4.44E+06,6.26E+06,1.52E+07,1.66E+07,3.45E+06,1.56E+05,8.32E+06,2.43E+07,1.86E+07,1.38E+06,6.01E+05,1.93E+05,2.88E+07,4.47E+06,9.27E+04,2.44E+05,1.12E+06,1.45E+06,7.46E+05,5.72E+05,1.88E+08,3.15E+06,2.07E+07,6.47E+05,2.76E+04,8.84E+05,1.41E+08,3.22E+08,5.15E+06,2.48E+07,9.29E+04,1.93E+07,1.16E+06,1.46E+07,1.40E+07,1.40E+07,6.01E+06,2.24E+07,6.18E+06,1.60E+07,6.97E+05,2.39E+07,2.68E+07,1.13E+06,8.22E+05,7.81E+06,6.39E+06,1.46E+07,2.53E+07,3.23E+07,3.23E+07,3.23E+07,5.96E+05,8.54E+07,3.13E+08,3.89E+06,4.15E+06,1.35E+06,2.53E+07,4.02E+06,7.69E+06,1.05E+08,6.56E+08,6.97E+06,9.91E+07,5.27E+06,2.23E+06,2.16E+07,1.25E+07,5.16E+06,1.06E+04,1.54E+06,1.85E+06,2.39E+08,4.52E+09
08-PMF-CPEEB-AW-48__TQS_Hil__1__032,33-Synechocystis_6803-cell-5p-3,39,33,5p,10,3,1.70E+05,1.20E+06,2.56E+05,6.37E+06,4.48E+06,1.37E+07,7.69E+08,2.32E+06,7.79E+08,5.26E+06,7.36E+06,5.00E+06,2.17E+07,5.48E+06,6.60E+06,6.25E+07,4.14E+04,8.87E+06,2.61E+07,4.01E+06,1.24E+05,7.60E+06,4.41E+06,7.34E+06,1.61E+07,1.94E+07,3.60E+06,9.25E+04,8.14E+06,2.42E+07,2.02E+07,1.60E+06,5.61E+05,2.62E+05,3.30E+07,4.69E+06,1.13E+05,1.76E+05,9.37E+05,2.10E+06,7.13E+05,4.78E+05,1.99E+08,7.11E+06,2.65E+07,8.49E+05,4.43E+04,1.12E+06,1.60E+08,3.62E+08,4.85E+06,2.51E+07,8.66E+04,1.97E+07,1.27E+06,2.21E+07,2.12E+07,2.07E+07,6.95E+06,2.44E+07,6.97E+06,1.53E+07,1.30E+06,3.14E+07,2.54E+07,3.48E+06,5.52E+05,1.00E+07,6.51E+06,2.19E+07,2.53E+07,6.60E+07,6.60E+07,6.60E+07,5.70E+05,8.96E+07,3.15E+08,5.82E+06,5.79E+06,1.35E+06,1.99E+07,3.87E+06,3.49E+06,1.02E+08,6.24E+08,9.31E+06,8.72E+07,3.64E+06,1.39E+06,2.34E+07,2.36E+07,6.84E+06,7.21E+03,1.29E+06,1.66E+06,1.87E+08,4.65E+09
08-PMF-CPEEB-AW-48__TQS_Hil__1__030,34-Synechocystis_6803-cell-6p-1,37,34,6p,11,1,1.80E+05,1.90E+03,1.52E+05,7.42E+06,5.18E+06,1.59E+07,9.07E+08,2.80E+06,9.02E+08,6.15E+06,8.49E+06,5.86E+06,2.62E+07,6.43E+06,6.12E+06,6.46E+07,6.84E+04,3.92E+06,1.92E+07,3.73E+06,1.22E+05,7.18E+06,5.62E+06,7.86E+06,2.22E+07,1.75E+07,3.39E+06,1.08E+05,1.07E+07,2.34E+07,1.82E+07,1.54E+06,7.28E+05,1.63E+05,3.07E+07,4.13E+06,9.83E+04,1.39E+05,2.04E+06,1.54E+06,1.04E+06,4.66E+05,1.82E+08,6.29E+06,2.80E+07,6.58E+05,4.47E+04,1.03E+06,1.63E+08,4.11E+08,5.53E+06,2.37E+07,6.55E+04,2.10E+07,1.35E+06,3.30E+07,3.15E+07,3.13E+07,5.85E+06,3.74E+07,5.89E+06,1.51E+07,1.68E+06,2.87E+07,2.91E+07,2.12E+06,5.71E+05,1.10E+07,6.28E+06,3.30E+07,2.47E+07,7.77E+07,7.77E+07,7.77E+07,6.92E+05,9.65E+07,3.63E+08,3.88E+06,6.42E+06,1.47E+06,1.33E+07,4.49E+06,5.72E+06,1.20E+08,7.35E+08,9.53E+06,1.16E+08,6.79E+06,2.56E+06,2.02E+07,2.53E+07,5.96E+06,7.41E+03,1.84E+06,1.73E+06,2.03E+08,5.27E+09
08-PMF-CPEEB-AW-48__TQS_Hil__1__056,35-Synechocystis_6803-cell-6p-2,66,35,6p,11,2,2.32E+05,1.04E+06,1.39E+05,6.66E+06,4.62E+06,1.42E+07,8.69E+08,2.26E+06,7.93E+08,5.51E+06,7.75E+06,5.18E+06,2.32E+07,5.72E+06,5.10E+06,6.03E+07,4.61E+04,4.91E+06,1.64E+07,3.26E+06,1.15E+05,6.16E+06,4.54E+06,7.36E+06,1.81E+07,1.63E+07,3.37E+06,1.58E+05,9.93E+06,2.00E+07,1.67E+07,1.03E+06,6.78E+05,1.12E+05,2.78E+07,4.56E+06,7.43E+04,2.22E+05,1.52E+06,1.43E+06,6.04E+05,3.79E+05,1.67E+08,9.76E+05,1.85E+07,5.39E+05,2.50E+04,5.61E+05,1.39E+08,3.34E+08,6.34E+06,2.30E+07,7.64E+04,2.00E+07,1.28E+06,1.19E+07,1.16E+07,1.15E+07,7.04E+06,1.10E+07,7.11E+06,1.68E+07,1.32E+06,1.77E+07,2.98E+07,7.77E+05,6.18E+05,5.53E+06,6.00E+06,1.19E+07,2.11E+07,2.10E+07,2.10E+07,2.10E+07,6.18E+05,8.23E+07,3.15E+08,2.59E+06,3.15E+06,1.28E+06,2.23E+07,3.62E+06,7.79E+06,9.59E+07,6.65E+08,5.90E+06,8.63E+07,4.51E+06,2.19E+06,1.87E+07,7.37E+06,4.89E+06,1.07E+04,2.03E+06,1.93E+06,2.38E+08,4.49E+09
08-PMF-CPEEB-AW-48__TQS_Hil__1__051,36-Synechocystis_6803-cell-6p-3,61,36,6p,11,3,1.73E+05,7.70E+05,1.42E+05,6.03E+06,4.27E+06,1.30E+07,7.44E+08,2.24E+06,7.28E+08,4.99E+06,7.03E+06,4.73E+06,2.29E+07,5.20E+06,5.74E+06,5.69E+07,5.21E+04,1.15E+07,1.92E+07,3.35E+06,8.61E+04,6.44E+06,4.07E+06,5.49E+06,1.83E+07,1.48E+07,3.16E+06,1.20E+05,7.67E+06,2.13E+07,1.88E+07,1.79E+06,5.35E+05,1.94E+05,2.68E+07,5.18E+06,7.94E+04,1.38E+05,9.84E+05,1.75E+06,7.41E+05,3.86E+05,1.65E+08,3.91E+06,1.77E+07,6.30E+05,2.30E+04,1.13E+06,1.45E+08,3.24E+08,5.01E+06,2.16E+07,6.30E+04,1.73E+07,1.15E+06,2.14E+07,2.14E+07,2.14E+07,7.90E+06,2.38E+07,7.96E+06,1.32E+07,3.17E+05,3.21E+07,2.26E+07,2.47E+06,6.29E+05,7.17E+06,6.29E+06,2.14E+07,2.32E+07,5.41E+07,5.41E+07,5.41E+07,4.88E+05,7.44E+07,2.86E+08,6.44E+06,5.22E+06,1.16E+06,1.48E+07,3.83E+06,2.47E+06,1.02E+08,5.76E+08,1.09E+07,1.05E+08,6.04E+06,2.09E+06,2.11E+07,2.07E+07,7.66E+06,8.44E+03,1.06E+06,1.55E+06,2.12E+08,4.34E+09
08-PMF-CPEEB-AW-48__TQS_Hil__1__016,37-Synechocystis_6803-cell-630p-1,21,37,630p,11.5,1,1.22E+05,1.01E+06,2.47E+05,4.57E+06,3.22E+06,9.96E+06,5.56E+08,1.67E+06,5.68E+08,3.81E+06,5.39E+06,3.61E+06,1.65E+07,3.96E+06,3.98E+06,4.12E+07,2.43E+04,5.51E+06,1.20E+07,2.68E+06,1.22E+05,5.51E+06,2.83E+06,5.41E+06,1.26E+07,1.13E+07,2.45E+06,1.03E+05,7.50E+06,1.76E+07,1.63E+07,1.45E+06,5.14E+05,1.39E+05,2.09E+07,3.40E+06,7.77E+04,1.23E+05,7.97E+05,1.36E+06,8.16E+05,6.96E+05,1.39E+08,8.27E+06,2.48E+07,7.66E+05,3.02E+04,6.04E+05,1.15E+08,3.07E+08,3.02E+06,1.89E+07,4.17E+04,1.04E+07,9.38E+05,1.47E+07,1.38E+07,1.36E+07,3.91E+06,2.01E+07,4.07E+06,8.57E+06,9.43E+05,1.71E+07,1.77E+07,2.27E+06,4.01E+05,1.01E+07,4.03E+06,1.46E+07,1.75E+07,4.52E+07,4.52E+07,4.52E+07,4.54E+05,5.44E+07,2.05E+08,4.22E+06,4.39E+06,1.13E+06,1.09E+07,3.31E+06,2.53E+06,8.87E+07,5.15E+08,6.81E+06,5.83E+07,3.41E+06,1.42E+06,1.63E+07,1.54E+07,5.27E+06,5.52E+03,1.19E+06,1.53E+06,1.62E+08,3.44E+09
08-PMF-CPEEB-AW-48__TQS_Hil__1__061,38-Synechocystis_6803-cell-630p-2,72,38,630p,11.5,2,3.70E+05,9.28E+05,1.11E+05,7.69E+06,5.36E+06,1.65E+07,1.10E+09,2.68E+06,9.13E+08,6.42E+06,8.97E+06,6.10E+06,2.54E+07,6.61E+06,9.54E+06,6.66E+07,3.20E+04,1.16E+07,2.07E+07,4.55E+06,1.56E+05,7.85E+06,4.61E+06,8.72E+06,2.43E+07,1.74E+07,3.88E+06,1.73E+05,1.53E+07,3.49E+07,1.35E+07,1.55E+06,9.99E+05,1.23E+05,2.68E+07,6.59E+06,1.02E+05,1.63E+05,1.77E+06,1.28E+06,6.89E+05,5.04E+05,1.86E+08,4.73E+06,2.36E+07,9.26E+05,3.09E+04,1.06E+06,1.68E+08,3.76E+08,6.43E+06,2.65E+07,9.77E+04,2.31E+07,1.23E+06,2.42E+07,2.42E+07,2.42E+07,8.64E+06,2.77E+07,8.68E+06,1.58E+07,1.39E+06,2.84E+07,3.44E+07,2.06E+06,6.00E+05,7.74E+06,5.98E+06,2.42E+07,2.70E+07,6.48E+07,6.48E+07,6.48E+07,6.62E+05,8.78E+07,3.82E+08,4.23E+06,6.49E+06,1.39E+06,1.63E+07,4.12E+06,4.03E+06,1.09E+08,6.82E+08,1.13E+07,1.11E+08,7.86E+06,2.02E+06,2.18E+07,2.36E+07,7.27E+06,8.46E+03,1.45E+06,1.38E+06,1.89E+08,5.34E+09
08-PMF-CPEEB-AW-48__TQS_Hil__1__004,39-Synechocystis_6803-cell-630p-3,7,39,630p,11.5,3,1.32E+05,1.54E+06,9.02E+04,3.80E+06,2.72E+06,8.34E+06,4.72E+08,1.27E+06,4.92E+08,3.16E+06,4.49E+06,2.99E+06,1.49E+07,3.19E+06,2.71E+06,3.65E+07,2.05E+04,3.60E+06,1.24E+07,2.26E+06,3.28E+04,5.02E+06,2.70E+06,4.49E+06,7.66E+06,1.02E+07,2.50E+06,2.23E+04,5.59E+06,1.36E+07,1.34E+07,7.72E+05,4.04E+05,5.43E+04,2.03E+07,2.95E+06,1.12E+05,1.46E+05,5.16E+05,1.30E+06,6.39E+05,1.27E+05,1.41E+08,5.16E+06,2.15E+07,4.84E+05,2.84E+04,5.62E+05,1.41E+08,3.18E+08,4.04E+06,1.78E+07,6.92E+04,1.34E+07,1.00E+06,1.76E+07,1.67E+07,1.62E+07,3.95E+06,1.70E+07,4.13E+06,1.00E+07,7.27E+05,1.48E+07,1.75E+07,1.26E+06,4.89E+05,5.94E+06,4.24E+06,1.77E+07,2.12E+07,3.82E+07,3.82E+07,3.82E+07,2.40E+05,6.32E+07,1.39E+08,2.51E+06,3.20E+06,6.50E+05,1.20E+07,2.56E+06,1.99E+06,6.78E+07,3.69E+08,7.59E+06,6.16E+07,2.71E+06,1.43E+06,1.47E+07,1.05E+07,4.63E+06,2.07E+03,1.37E+06,1.09E+06,1.15E+08,2.99E+09
08-PMF-CPEEB-AW-48__TQS_Hil__1__072,4-Synechocystis_6803-cell-6a-1,85,4,6a,-1,1,4.24E+05,8.46E+00,9.78E+04,1.04E+07,7.26E+06,2.23E+07,1.50E+09,3.81E+06,1.30E+09,8.64E+06,1.21E+07,8.19E+06,4.32E+07,8.92E+06,1.31E+07,2.35E+07,1.08E+05,1.93E+07,4.59E+07,2.05E+06,7.04E+04,3.16E+06,5.62E+06,2.73E+06,2.68E+07,5.54E+06,1.97E+06,3.41E+05,2.09E+07,1.08E+07,1.82E+07,3.01E+06,1.28E+06,4.41E+05,8.03E+06,8.43E+06,2.22E+05,1.40E+05,8.91E+05,1.09E+06,1.40E+06,8.31E+05,2.22E+08,1.31E+07,4.66E+07,8.48E+05,1.02E+05,5.89E+05,2.48E+08,4.87E+08,6.46E+06,2.90E+07,7.03E+04,1.63E+07,7.34E+05,1.70E+07,1.70E+07,1.70E+07,2.03E+06,9.89E+06,2.08E+06,1.43E+07,6.62E+05,1.88E+07,2.05E+07,1.21E+06,8.62E+05,1.34E+07,3.80E+06,1.70E+07,3.07E+07,1.98E+07,1.98E+07,1.98E+07,1.99E+05,4.60E+07,4.18E+08,2.11E+06,2.22E+06,1.18E+06,1.05E+07,4.63E+06,9.09E+06,1.21E+08,4.60E+08,1.26E+07,5.24E+07,2.70E+06,3.22E+06,2.36E+07,5.02E+06,4.21E+06,2.72E+03,8.34E+05,3.74E+06,1.56E+08,5.81E+09
08-PMF-CPEEB-AW-48__TQS_Hil__1__012,40-Synechocystis_6803-cell-7p-1,16,40,7p,12,1,1.28E+05,1.03E+03,2.43E+05,4.08E+06,2.88E+06,8.89E+06,4.97E+08,1.41E+06,5.11E+08,3.38E+06,4.78E+06,3.23E+06,1.66E+07,3.54E+06,2.59E+06,3.44E+07,3.07E+04,6.05E+06,9.45E+06,2.34E+06,8.48E+04,4.69E+06,2.81E+06,3.24E+06,1.27E+07,9.49E+06,2.07E+06,1.59E+05,5.88E+06,1.39E+07,1.07E+07,9.23E+05,4.27E+05,1.24E+05,1.63E+07,3.26E+06,8.11E+04,4.33E+04,7.55E+05,1.20E+06,7.92E+05,1.70E+05,1.04E+08,5.01E+06,2.30E+07,4.90E+05,1.42E+04,5.07E+05,1.09E+08,2.66E+08,2.64E+06,1.41E+07,3.42E+04,7.73E+06,7.79E+05,9.32E+06,8.93E+06,8.42E+06,3.87E+06,1.27E+07,3.87E+06,6.06E+06,3.66E+05,1.36E+07,1.51E+07,1.91E+06,1.72E+05,6.06E+06,2.62E+06,9.40E+06,9.53E+06,3.39E+07,3.39E+07,3.39E+07,2.68E+05,3.78E+07,1.44E+08,2.96E+06,2.23E+06,5.88E+05,4.37E+06,1.71E+06,2.35E+06,4.62E+07,3.53E+08,3.51E+06,2.50E+07,1.50E+06,5.75E+05,1.24E+07,8.24E+06,3.02E+06,3.73E+03,7.61E+05,1.14E+06,1.27E+08,2.73E+09
08-PMF-CPEEB-AW-48__TQS_Hil__1__082,41-Synechocystis_6803-cell-7p-2,96,41,7p,12,2,2.28E+05,7.56E+05,1.47E+05,6.13E+06,4.24E+06,1.30E+07,8.76E+08,2.25E+06,7.33E+08,5.05E+06,7.04E+06,4.77E+06,2.34E+07,5.26E+06,4.05E+06,4.44E+07,5.15E+04,4.52E+06,1.45E+07,2.80E+06,1.24E+05,5.66E+06,4.97E+06,5.24E+06,1.51E+07,1.20E+07,2.40E+06,1.35E+05,8.41E+06,1.41E+07,1.12E+07,1.20E+06,7.34E+05,1.02E+05,2.10E+07,3.69E+06,9.85E+04,9.31E+04,1.07E+06,1.05E+06,5.32E+05,4.21E+05,1.37E+08,2.08E+06,2.00E+07,2.91E+05,1.78E+04,8.57E+05,1.50E+08,2.99E+08,5.44E+06,1.60E+07,7.13E+04,1.68E+07,8.85E+05,2.25E+07,2.17E+07,2.20E+07,7.63E+06,2.28E+07,7.81E+06,1.49E+07,9.76E+05,2.32E+07,2.08E+07,1.43E+06,3.82E+05,1.85E+06,5.07E+06,2.27E+07,2.39E+07,5.06E+07,5.06E+07,5.06E+07,5.15E+05,6.68E+07,2.41E+08,3.03E+06,4.20E+06,1.44E+06,1.25E+07,2.87E+06,4.31E+06,7.41E+07,5.73E+08,1.02E+07,9.76E+07,7.30E+06,1.91E+06,1.80E+07,1.57E+07,7.15E+06,4.83E+03,9.90E+05,1.18E+06,1.51E+08,4.18E+09
08-PMF-CPEEB-AW-48__TQS_Hil__1__054,42-Synechocystis_6803-cell-7p-3,64,42,7p,12,3,1.97E+05,7.33E+05,1.44E+05,5.18E+06,3.63E+06,1.12E+07,6.77E+08,1.81E+06,6.34E+08,4.28E+06,5.95E+06,4.08E+06,1.96E+07,4.46E+06,4.43E+06,4.99E+07,3.54E+04,8.85E+06,1.27E+07,3.13E+06,6.66E+04,6.02E+06,3.47E+06,4.78E+06,1.23E+07,1.30E+07,2.79E+06,1.03E+05,7.61E+06,1.66E+07,1.62E+07,1.02E+06,4.84E+05,7.86E+04,1.99E+07,3.57E+06,4.81E+04,1.48E+05,1.28E+06,1.18E+06,7.36E+05,3.74E+05,1.12E+08,1.69E+06,1.89E+07,3.13E+05,1.64E+04,7.18E+05,1.16E+08,2.85E+08,4.84E+06,1.47E+07,5.40E+04,1.30E+07,9.32E+05,1.91E+07,1.90E+07,1.86E+07,5.23E+06,2.44E+07,5.53E+06,1.19E+07,6.31E+05,2.12E+07,2.21E+07,1.46E+06,4.37E+05,2.14E+06,5.42E+06,1.91E+07,2.06E+07,4.37E+07,4.37E+07,4.37E+07,4.55E+05,5.46E+07,2.41E+08,3.34E+06,3.76E+06,1.11E+06,1.72E+07,3.17E+06,2.64E+06,8.33E+07,5.11E+08,7.83E+06,7.86E+07,4.92E+06,1.34E+06,1.59E+07,1.95E+07,6.10E+06,9.08E+03,1.75E+06,1.56E+06,2.06E+08,3.72E+09
08-PMF-CPEEB-AW-48__TQS_Hil__1__009,43-Synechocystis_6803-cell-730p-1,13,43,730p,12.5,1,8.99E+04,7.83E+05,1.30E+05,4.90E+06,3.44E+06,1.06E+07,6.00E+08,1.69E+06,6.08E+08,4.06E+06,5.60E+06,3.89E+06,2.06E+07,4.24E+06,1.24E+06,3.04E+07,3.98E+04,7.10E+06,5.49E+06,2.31E+06,6.81E+04,4.07E+06,3.48E+06,3.90E+06,1.36E+07,7.69E+06,1.64E+06,9.93E+04,7.27E+06,1.33E+07,1.42E+07,1.16E+06,5.02E+05,1.33E+05,1.24E+07,2.96E+06,6.53E+04,7.47E+04,9.75E+05,1.02E+06,5.09E+05,1.75E+05,1.06E+08,9.49E+06,2.18E+07,5.06E+05,2.89E+04,7.33E+05,1.38E+08,3.36E+08,3.73E+06,1.40E+07,4.20E+04,7.39E+06,7.20E+05,1.46E+07,1.37E+07,1.51E+07,3.94E+06,2.25E+07,4.02E+06,8.68E+06,1.45E+06,1.90E+07,1.75E+07,2.30E+06,8.55E+04,8.29E+06,3.30E+06,1.40E+07,1.07E+07,3.41E+07,3.41E+07,3.41E+07,3.77E+05,3.04E+07,1.86E+08,4.24E+06,2.13E+06,8.99E+05,5.29E+06,2.78E+06,2.32E+06,7.49E+07,4.59E+08,2.10E+06,2.69E+07,1.99E+06,5.53E+05,1.45E+07,4.81E+06,8.59E+05,4.53E+03,1.47E+06,1.69E+06,1.54E+08,3.28E+09
08-PMF-CPEEB-AW-48__TQS_Hil__1__068,44-Synechocystis_6803-cell-730p-2,80,44,730p,12.5,2,3.44E+05,1.24E+03,2.22E+05,6.34E+06,4.39E+06,1.35E+07,9.28E+08,2.27E+06,7.62E+08,5.29E+06,7.28E+06,5.03E+06,2.68E+07,5.43E+06,3.53E+06,4.05E+07,4.94E+04,4.77E+06,8.04E+06,3.55E+06,1.03E+05,5.18E+06,4.80E+06,4.48E+06,2.27E+07,1.01E+07,2.35E+06,1.78E+05,1.30E+07,2.29E+07,1.25E+07,1.38E+06,9.14E+05,1.17E+05,1.37E+07,4.29E+06,1.01E+05,1.36E+05,1.52E+06,8.92E+05,5.77E+05,4.00E+05,1.41E+08,3.24E+06,2.62E+07,4.53E+05,3.38E+04,9.97E+05,1.68E+08,3.45E+08,6.83E+06,1.74E+07,1.04E+05,1.36E+07,7.25E+05,2.05E+07,2.05E+07,2.05E+07,7.12E+06,1.94E+07,8.36E+06,1.26E+07,5.54E+05,2.66E+07,2.74E+07,1.87E+06,9.09E+04,3.60E+06,4.50E+06,2.05E+07,1.94E+07,3.91E+07,3.91E+07,3.91E+07,5.38E+05,4.20E+07,2.98E+08,4.32E+06,2.85E+06,8.77E+05,9.81E+06,2.46E+06,3.83E+06,6.48E+07,5.71E+08,7.06E+06,4.03E+07,2.29E+06,1.47E+06,1.95E+07,1.05E+07,3.33E+06,8.25E+03,1.31E+06,1.56E+06,1.76E+08,4.27E+09
08-PMF-CPEEB-AW-48__TQS_Hil__1__033,45-Synechocystis_6803-cell-730p-3,40,45,730p,12.5,3,1.28E+05,1.92E+03,2.19E+05,5.11E+06,3.55E+06,1.10E+07,6.03E+08,1.78E+06,6.20E+08,4.19E+06,5.87E+06,3.98E+06,2.03E+07,4.40E+06,1.85E+06,3.63E+07,4.15E+04,7.83E+06,7.54E+06,2.59E+06,8.86E+04,4.50E+06,3.62E+06,3.71E+06,1.35E+07,8.49E+06,1.90E+06,1.04E+05,7.36E+06,1.27E+07,1.50E+07,1.14E+06,5.98E+05,1.05E+05,1.26E+07,3.00E+06,8.30E+04,7.64E+04,1.01E+06,9.17E+05,5.33E+05,2.21E+05,1.24E+08,5.87E+06,1.91E+07,5.00E+05,2.74E+04,8.58E+05,1.36E+08,3.19E+08,4.82E+06,1.58E+07,8.60E+04,1.03E+07,7.07E+05,1.98E+07,1.99E+07,1.99E+07,5.96E+06,2.04E+07,6.00E+06,1.02E+07,1.36E+06,2.33E+07,2.30E+07,1.88E+06,1.52E+05,6.66E+06,4.00E+06,1.98E+07,1.67E+07,4.13E+07,4.13E+07,4.13E+07,4.45E+05,4.08E+07,2.51E+08,3.98E+06,3.58E+06,1.06E+06,9.12E+06,3.10E+06,3.00E+06,8.16E+07,5.06E+08,6.99E+06,3.43E+07,1.77E+06,9.23E+05,1.67E+07,1.40E+07,4.89E+06,5.74E+03,1.59E+06,1.55E+06,1.54E+08,3.53E+09
08-PMF-CPEEB-AW-48__TQS_Hil__1__014,46-Synechocystis_6803-cell-8p-1,18,46,8p,13,1,1.35E+05,7.32E+05,9.76E+04,3.76E+06,2.67E+06,8.20E+06,4.55E+08,1.38E+06,4.74E+08,3.13E+06,4.41E+06,2.96E+06,1.51E+07,3.26E+06,1.87E+06,2.31E+07,2.92E+04,5.16E+06,6.02E+06,1.57E+06,9.48E+04,2.83E+06,2.80E+06,2.06E+06,1.01E+07,5.35E+06,1.25E+06,3.35E+04,6.28E+06,9.70E+06,1.15E+07,9.25E+05,4.12E+05,1.03E+05,8.25E+06,3.04E+06,5.81E+04,7.98E+04,9.46E+05,6.24E+05,4.87E+05,2.06E+05,9.44E+07,4.64E+06,1.52E+07,4.54E+05,3.07E+04,4.66E+05,1.05E+08,2.61E+08,3.73E+06,1.22E+07,3.14E+04,5.91E+06,4.05E+05,1.21E+07,1.21E+07,1.21E+07,3.44E+06,1.59E+07,3.57E+06,7.39E+06,5.65E+05,1.36E+07,1.42E+07,1.18E+06,1.75E+05,5.09E+06,2.77E+06,1.21E+07,1.28E+07,3.30E+07,3.30E+07,3.30E+07,3.00E+05,2.49E+07,1.40E+08,2.74E+06,2.89E+06,5.86E+05,7.35E+06,2.55E+06,2.16E+06,6.78E+07,3.69E+08,4.85E+06,2.57E+07,1.33E+06,9.94E+05,1.18E+07,8.26E+06,2.98E+06,4.03E+03,1.29E+06,1.27E+06,1.31E+08,2.62E+09
08-PMF-CPEEB-AW-48__TQS_Hil__1__048,47-Synechocystis_6803-cell-8p-2,57,47,8p,13,2,1.19E+05,8.03E+05,2.01E+05,4.51E+06,3.19E+06,9.78E+06,5.51E+08,1.71E+06,5.52E+08,3.72E+06,5.23E+06,3.52E+06,1.65E+07,3.86E+06,1.87E+06,2.68E+07,3.41E+04,2.99E+06,8.62E+06,1.62E+06,6.51E+04,2.97E+06,3.02E+06,2.57E+06,1.02E+07,5.38E+06,1.33E+06,8.51E+04,7.01E+06,9.39E+06,1.34E+07,5.85E+05,5.08E+05,9.21E+04,8.95E+06,2.80E+06,8.32E+04,1.12E+05,5.99E+05,6.51E+05,4.74E+05,2.10E+05,1.22E+08,5.68E+06,1.67E+07,4.42E+05,2.06E+04,7.18E+05,1.20E+08,2.82E+08,4.42E+06,1.60E+07,6.55E+04,8.30E+06,5.34E+05,1.91E+07,1.91E+07,1.91E+07,6.39E+06,1.61E+07,6.42E+06,1.06E+07,3.54E+05,1.98E+07,2.24E+07,1.24E+06,3.28E+05,5.69E+06,4.05E+06,1.91E+07,2.41E+07,3.06E+07,3.06E+07,3.06E+07,4.04E+05,3.30E+07,1.92E+08,4.27E+06,2.66E+06,9.76E+05,1.23E+07,3.46E+06,2.44E+06,8.91E+07,4.74E+08,1.14E+07,4.86E+07,2.94E+06,1.98E+06,1.60E+07,8.98E+06,6.52E+06,8.67E+03,1.47E+06,1.63E+06,1.93E+08,3.24E+09
08-PMF-CPEEB-AW-48__TQS_Hil__1__040,48-Synechocystis_6803-cell-8p-3,48,48,8p,13,3,2.48E+05,7.08E+05,1.18E+05,5.15E+06,3.61E+06,1.12E+07,6.32E+08,1.81E+06,6.38E+08,4.26E+06,5.84E+06,4.03E+06,1.78E+07,4.46E+06,2.87E+06,2.86E+07,2.34E+04,3.20E+06,1.02E+07,1.88E+06,9.68E+04,3.38E+06,3.55E+06,3.13E+06,1.08E+07,6.49E+06,1.65E+06,1.02E+05,7.95E+06,1.18E+07,1.68E+07,1.31E+06,4.80E+05,1.27E+05,9.29E+06,2.56E+06,7.53E+04,1.36E+05,1.15E+06,6.15E+05,5.40E+05,4.05E+05,1.50E+08,5.67E+06,1.68E+07,4.52E+05,2.31E+04,6.96E+05,1.38E+08,3.22E+08,5.44E+06,1.93E+07,8.13E+04,8.89E+06,6.81E+05,2.01E+07,2.01E+07,2.01E+07,5.76E+06,1.55E+07,5.79E+06,1.32E+07,1.05E+06,2.23E+07,2.39E+07,1.13E+06,3.32E+05,5.22E+06,4.11E+06,2.01E+07,2.51E+07,3.09E+07,3.09E+07,3.09E+07,5.06E+05,4.04E+07,2.09E+08,3.35E+06,2.74E+06,1.13E+06,1.33E+07,3.97E+06,3.65E+06,1.05E+08,5.54E+08,1.06E+07,4.91E+07,2.89E+06,1.47E+06,1.62E+07,7.54E+06,6.59E+06,5.60E+03,1.46E+06,1.49E+06,1.57E+08,3.61E+09
08-PMF-CPEEB-AW-48__TQS_Hil__1__044,49-Synechocystis_6803-cell-9p-1,53,49,9p,14,1,2.09E+05,7.27E+05,1.08E+05,5.34E+06,3.79E+06,1.17E+07,6.60E+08,1.79E+06,6.69E+08,4.45E+06,6.27E+06,4.21E+06,2.08E+07,4.60E+06,2.16E+06,2.82E+07,3.71E+04,3.74E+06,9.34E+06,1.71E+06,7.53E+04,3.13E+06,3.78E+06,2.55E+06,1.06E+07,5.88E+06,1.37E+06,1.62E+05,8.83E+06,1.16E+07,1.93E+07,1.52E+06,6.35E+05,7.93E+04,9.95E+06,3.01E+06,1.00E+05,1.69E+05,1.28E+06,6.45E+05,4.96E+05,4.07E+05,1.52E+08,1.36E+07,2.22E+07,5.88E+05,3.73E+04,6.97E+05,1.45E+08,3.34E+08,5.20E+06,2.12E+07,4.93E+04,9.18E+06,5.76E+05,1.76E+07,1.76E+07,1.78E+07,5.94E+06,2.17E+07,5.97E+06,1.41E+07,1.35E+06,1.97E+07,2.24E+07,9.48E+05,3.69E+05,1.21E+07,4.38E+06,1.76E+07,3.36E+07,4.13E+07,4.13E+07,4.13E+07,5.55E+05,4.07E+07,1.90E+08,2.91E+06,4.02E+06,8.41E+05,1.37E+07,5.77E+06,4.34E+06,1.54E+08,6.00E+08,1.40E+07,5.95E+07,3.16E+06,2.09E+06,1.59E+07,1.06E+07,6.64E+06,6.69E+03,1.62E+06,1.82E+06,1.78E+08,3.88E+09
08-PMF-CPEEB-AW-48__TQS_Hil__1__067,5-Synechocystis_6803-cell-6a-2,79,5,6a,-1,2,4.09E+05,1.11E+06,2.96E+05,1.06E+07,7.41E+06,2.26E+07,1.54E+09,3.66E+06,1.30E+09,8.81E+06,1.20E+07,8.39E+06,4.03E+07,9.14E+06,1.41E+07,5.99E+07,6.63E+04,8.76E+06,4.21E+07,4.11E+06,9.54E+04,6.68E+06,4.44E+06,6.47E+06,3.17E+07,1.09E+07,3.21E+06,4.01E+05,2.45E+07,1.97E+07,1.88E+07,2.39E+06,1.47E+06,1.40E+05,1.43E+07,7.70E+06,2.62E+05,1.60E+05,2.88E+06,1.15E+06,1.07E+06,8.25E+05,2.43E+08,1.65E+07,5.49E+07,1.21E+06,1.08E+05,1.08E+06,2.53E+08,5.16E+08,6.24E+06,3.27E+07,1.30E+05,2.58E+07,8.75E+05,4.49E+07,4.49E+07,4.49E+07,2.50E+06,2.91E+07,2.55E+06,1.53E+07,3.50E+06,2.88E+07,3.12E+07,2.87E+06,8.12E+05,5.45E+06,5.85E+06,4.49E+07,3.92E+07,9.23E+07,9.23E+07,9.23E+07,2.34E+05,4.53E+07,5.31E+08,4.36E+06,6.02E+06,8.96E+05,1.43E+07,5.14E+06,5.54E+06,1.38E+08,4.64E+08,1.73E+07,8.44E+07,5.44E+06,3.38E+06,2.83E+07,2.38E+07,6.42E+06,1.76E+04,2.30E+06,4.62E+06,3.40E+08,6.76E+09
08-PMF-CPEEB-AW-48__TQS_Hil__1__074,50-Synechocystis_6803-cell-9p-2,87,50,9p,14,2,3.60E+05,6.79E+05,2.01E+05,6.83E+06,4.79E+06,1.46E+07,1.00E+09,2.39E+06,8.36E+08,5.65E+06,7.78E+06,5.34E+06,3.33E+07,5.90E+06,4.78E+06,4.30E+07,1.11E+05,5.11E+06,1.71E+07,2.93E+06,1.53E+05,4.98E+06,7.45E+06,1.83E+06,2.44E+07,8.38E+06,2.01E+06,1.96E+05,1.41E+07,2.10E+07,1.34E+07,8.36E+05,9.27E+05,1.18E+05,1.41E+07,6.38E+06,1.08E+05,1.33E+05,1.26E+06,7.43E+05,5.73E+05,4.69E+05,2.19E+08,1.64E+06,3.69E+07,1.72E+05,3.58E+04,1.13E+06,1.84E+08,3.86E+08,6.61E+06,2.75E+07,1.15E+05,1.18E+07,5.59E+05,2.25E+07,2.21E+07,2.15E+07,1.05E+07,1.70E+07,1.08E+07,2.12E+07,2.32E+05,3.16E+07,3.07E+07,2.18E+06,3.47E+05,2.93E+06,4.41E+06,2.23E+07,2.16E+07,5.32E+07,5.32E+07,5.32E+07,4.17E+05,3.91E+07,2.65E+08,6.10E+06,2.85E+06,1.88E+06,7.11E+06,2.92E+06,4.61E+06,7.65E+07,5.33E+08,9.13E+06,3.01E+07,1.73E+06,2.06E+06,2.66E+07,9.18E+06,3.10E+06,4.98E+03,9.49E+05,1.84E+06,1.63E+08,4.58E+09
08-PMF-CPEEB-AW-48__TQS_Hil__1__006,51-Synechocystis_6803-cell-9p-3,9,51,9p,14,3,1.18E+05,1.30E+06,1.15E+05,3.92E+06,2.77E+06,8.57E+06,4.64E+08,1.39E+06,4.98E+08,3.24E+06,4.65E+06,3.08E+06,1.71E+07,3.42E+06,2.27E+06,3.25E+07,2.83E+04,6.07E+06,8.97E+06,2.05E+06,4.05E+04,3.89E+06,2.50E+06,2.40E+06,8.47E+06,6.67E+06,1.57E+06,1.09E+05,6.18E+06,9.56E+06,1.34E+07,8.40E+05,4.54E+05,1.61E+05,1.15E+07,2.92E+06,1.31E+05,1.19E+05,4.28E+05,8.07E+05,7.02E+05,1.78E+05,1.37E+08,9.40E+06,2.96E+07,4.88E+05,2.67E+04,6.30E+05,1.40E+08,3.32E+08,3.87E+06,1.85E+07,5.69E+04,6.78E+06,6.65E+05,1.80E+07,1.71E+07,1.66E+07,4.39E+06,1.61E+07,4.45E+06,9.17E+06,7.32E+05,1.73E+07,1.98E+07,3.01E+06,2.18E+05,6.39E+06,3.29E+06,1.80E+07,1.82E+07,5.60E+07,5.60E+07,5.60E+07,2.62E+05,3.17E+07,1.01E+08,3.32E+06,3.44E+06,8.57E+05,9.63E+06,2.32E+06,1.93E+06,6.07E+07,3.74E+08,6.92E+06,2.11E+07,1.27E+06,8.31E+05,1.63E+07,1.22E+07,4.05E+06,2.43E+03,1.47E+06,1.57E+06,1.18E+08,2.93E+09
08-PMF-CPEEB-AW-48__TQS_Hil__1__041,52-Synechocystis_6803-cell-11p-1,49,52,11p,16,1,2.85E+05,1.05E+06,2.43E+04,6.17E+06,4.32E+06,1.34E+07,7.89E+08,2.13E+06,7.65E+08,5.14E+06,7.04E+06,4.85E+06,1.73E+07,5.31E+06,1.15E+06,2.10E+07,5.39E+04,3.85E+06,5.78E+06,1.35E+06,2.53E+04,2.49E+06,4.16E+06,2.48E+06,8.35E+06,4.76E+06,1.15E+06,1.11E+04,1.03E+07,6.06E+06,1.64E+07,1.22E+06,6.92E+05,1.03E+05,9.19E+06,2.85E+06,5.70E+04,8.54E+04,9.04E+05,5.47E+05,5.05E+05,1,1.87E+08,5.62E+06,2.74E+07,4.48E+05,4.94E+04,4.41E+05,1.61E+08,3.61E+08,6.12E+06,2.41E+07,5.23E+04,9.08E+06,6.22E+05,6.31E+06,6.34E+06,6.41E+06,5.33E+06,2.73E+06,5.72E+06,9.81E+06,1.33E+06,1.22E+07,2.44E+07,4.48E+05,1.69E+05,6.62E+06,2.02E+06,6.45E+06,2.10E+07,1.02E+07,1.02E+07,1.02E+07,4.94E+05,4.35E+07,1.76E+08,1.98E+06,1.57E+06,9.33E+05,1.03E+07,3.32E+06,8.88E+06,8.82E+07,5.64E+08,7.49E+06,2.76E+07,1.67E+06,2.11E+06,1.43E+07,2.56E+06,3.91E+06,3.89E+03,1.41E+06,2.30E+06,1.43E+08,3.76E+09
08-PMF-CPEEB-AW-48__TQS_Hil__1__002_wide,53-Synechocystis_6803-cell-11p-2,5,53,11p,16,2,1.51E+05,1.65E+03,1.13E+04,3.96E+06,2.79E+06,8.60E+06,4.95E+08,1.36E+06,5.06E+08,3.26E+06,4.68E+06,3.09E+06,1.16E+07,3.30E+06,1.44E+06,1.93E+07,1.58E+04,4.92E+06,5.82E+06,1.20E+06,7.88E+04,2.44E+06,2.71E+06,2.13E+06,4.82E+06,4.25E+06,1.18E+06,2.96E+04,6.40E+06,5.61E+06,1.14E+07,4.80E+05,3.98E+05,1.20E+05,8.06E+06,2.18E+06,1.35E+05,1.38E+05,4.15E+05,6.24E+05,4.32E+05,3.72E+05,1.47E+08,8.29E+06,1.62E+07,4.57E+05,3.39E+04,4.69E+05,1.68E+08,3.22E+08,5.88E+06,1.79E+07,5.51E+04,8.70E+06,5.38E+05,9.55E+06,8.98E+06,8.74E+06,4.87E+06,1.07E+07,5.22E+06,9.93E+06,1.48E+06,1.20E+07,1.86E+07,6.76E+05,2.06E+05,5.72E+06,2.64E+06,9.55E+06,1.93E+07,1.75E+07,1.75E+07,1.75E+07,2.18E+05,3.55E+07,7.96E+07,1.32E+06,2.22E+06,5.98E+05,9.69E+06,2.22E+06,2.87E+06,6.24E+07,3.41E+08,5.39E+06,2.32E+07,1.74E+06,6.66E+05,9.83E+06,3.21E+06,2.18E+06,1.32E+03,1.45E+06,1.74E+06,9.30E+07,2.69E+09
08-PMF-CPEEB-AW-48__TQS_Hil__1__083,54-Synechocystis_6803-cell-11p-3,97,54,11p,16,3,2.80E+05,1.40E+03,1.56E+05,5.54E+06,3.91E+06,1.19E+07,8.07E+08,1.95E+06,6.75E+08,4.64E+06,6.33E+06,4.36E+06,2.39E+07,4.81E+06,2.95E+06,3.64E+07,3.24E+04,1.33E+07,1.07E+07,2.13E+06,6.36E+04,4.25E+06,3.79E+06,2.94E+06,1.04E+07,7.72E+06,1.52E+06,1.62E+05,7.89E+06,1.21E+07,1.13E+07,9.86E+05,6.93E+05,1.18E+05,1.17E+07,3.56E+06,9.25E+04,1.17E+05,1.32E+06,5.84E+05,5.58E+05,4.28E+05,1.34E+08,4.94E+06,1.60E+07,4.99E+05,3.44E+04,9.23E+05,1.55E+08,2.98E+08,5.97E+06,1.70E+07,1.16E+05,1.14E+07,5.49E+05,2.20E+07,2.20E+07,2.20E+07,6.80E+06,2.69E+07,7.01E+06,1.03E+07,1.20E+06,2.64E+07,1.89E+07,1.76E+06,1.45E+05,4.39E+06,3.47E+06,2.20E+07,1.47E+07,4.44E+07,4.29E+07,4.44E+07,4.49E+05,3.33E+07,1.62E+08,2.82E+06,3.25E+06,1.04E+06,8.25E+06,2.57E+06,4.58E+06,6.73E+07,5.07E+08,3.96E+06,2.55E+07,1.46E+06,8.97E+05,1.72E+07,7.56E+06,1.98E+06,3.30E+03,1.08E+06,1.66E+06,1.19E+08,3.66E+09
08-PMF-CPEEB-AW-48__TQS_Hil__1__023,55-Synechocystis_6803-cell-1a-1,29,55,1a,18,1,1.12E+05,8.73E+05,1.98E+05,5.00E+06,3.51E+06,1.08E+07,6.07E+08,1.64E+06,6.19E+08,4.14E+06,5.74E+06,3.92E+06,2.05E+07,4.32E+06,2.39E+06,3.68E+07,3.71E+04,6.65E+06,8.22E+06,2.71E+06,1.04E+05,5.00E+06,3.02E+06,3.01E+06,1.20E+07,8.57E+06,1.89E+06,1.73E+05,9.99E+06,1.46E+07,1.93E+07,1.57E+06,7.30E+05,1.81E+05,1.40E+07,4.01E+06,6.42E+04,1.41E+05,1.41E+06,9.29E+05,6.05E+05,3.56E+05,1.56E+08,1.68E+07,3.26E+07,5.16E+05,6.36E+04,6.20E+05,1.44E+08,3.70E+08,4.05E+06,2.15E+07,3.41E+04,7.89E+06,6.81E+05,2.69E+07,2.62E+07,2.71E+07,5.48E+06,2.82E+07,5.71E+06,8.90E+06,6.46E+05,1.70E+07,2.12E+07,3.21E+06,1.96E+05,1.11E+07,3.80E+06,2.65E+07,2.77E+07,7.72E+07,7.72E+07,7.72E+07,4.29E+05,3.39E+07,1.69E+08,3.76E+06,5.48E+06,8.73E+05,1.20E+07,3.93E+06,4.58E+06,1.07E+08,5.16E+08,1.28E+07,4.31E+07,2.33E+06,1.41E+06,2.41E+07,3.38E+07,7.17E+06,5.61E+03,1.36E+06,2.84E+06,1.69E+08,3.83E+09
08-PMF-CPEEB-AW-48__TQS_Hil__1__055,56-Synechocystis_6803-cell-1a-2,65,56,1a,18,2,2.83E+05,1.68E+03,2.11E+05,4.55E+06,3.16E+06,9.77E+06,5.65E+08,1.58E+06,5.47E+08,3.73E+06,5.27E+06,3.53E+06,1.86E+07,3.88E+06,3.11E+06,4.18E+07,2.44E+04,7.85E+06,9.28E+06,2.46E+06,1.06E+05,4.67E+06,2.38E+06,3.19E+06,1.05E+07,8.66E+06,1.98E+06,1.34E+05,8.45E+06,1.49E+07,1.56E+07,1.06E+06,6.01E+05,1.10E+05,1.24E+07,2.84E+06,6.20E+04,8.66E+04,1.22E+06,7.25E+05,5.31E+05,3.28E+05,1.46E+08,7.53E+06,2.86E+07,4.33E+05,3.31E+04,6.55E+05,1.25E+08,2.95E+08,3.53E+06,1.93E+07,5.50E+04,8.05E+06,5.73E+05,2.03E+07,2.03E+07,2.03E+07,6.65E+06,2.25E+07,6.80E+06,6.66E+06,9.47E+05,1.85E+07,2.14E+07,2.72E+06,1.79E+05,6.52E+06,2.75E+06,2.03E+07,1.72E+07,5.56E+07,5.56E+07,5.56E+07,3.88E+05,2.65E+07,1.81E+08,3.23E+06,3.33E+06,8.88E+05,7.98E+06,2.33E+06,3.02E+06,6.10E+07,4.64E+08,7.93E+06,2.18E+07,1.09E+06,9.54E+05,2.20E+07,1.52E+07,4.84E+06,6.38E+03,1.20E+06,2.41E+06,1.66E+08,3.31E+09
08-PMF-CPEEB-AW-48__TQS_Hil__1__069,57-Synechocystis_6803-cell-1a-3,81,57,1a,18,3,3.56E+05,5.63E+05,2.26E+05,6.39E+06,4.47E+06,1.37E+07,9.05E+08,2.48E+06,7.93E+08,5.21E+06,7.21E+06,4.96E+06,2.71E+07,5.45E+06,4.56E+06,3.99E+07,2.38E+04,1.31E+07,1.46E+07,3.01E+06,1.06E+05,4.73E+06,3.86E+06,3.93E+06,1.68E+07,8.27E+06,2.08E+06,1.47E+05,1.38E+07,1.54E+07,1.11E+07,6.34E+05,8.81E+05,1.33E+05,1.20E+07,4.15E+06,1.67E+05,1.72E+05,1.24E+06,8.66E+05,7.67E+05,4.46E+05,1.77E+08,8.96E+06,3.73E+07,8.09E+05,2.20E+04,7.33E+05,1.89E+08,3.71E+08,6.09E+06,2.37E+07,9.61E+04,1.31E+07,6.07E+05,2.35E+07,2.39E+07,2.39E+07,8.16E+06,1.98E+07,8.13E+06,1.01E+07,1.20E+06,2.32E+07,2.25E+07,2.72E+06,3.76E+05,9.61E+06,3.89E+06,2.35E+07,2.99E+07,5.38E+07,5.38E+07,5.38E+07,3.75E+05,3.61E+07,2.36E+08,2.15E+06,4.32E+06,7.31E+05,1.06E+07,3.13E+06,5.66E+06,8.47E+07,4.94E+08,1.36E+07,4.98E+07,2.92E+06,2.53E+06,2.09E+07,2.01E+07,5.82E+06,2.41E+03,8.43E+05,1.68E+06,1.14E+08,4.29E+09
08-PMF-CPEEB-AW-48__TQS_Hil__1__075,58-Synechocystis_6803-cell-3a-1,88,58,3a,20,1,2.98E+05,1.79E+03,8.99E+04,5.92E+06,4.12E+06,1.26E+07,8.86E+08,2.13E+06,7.13E+08,4.92E+06,6.75E+06,4.65E+06,2.47E+07,5.10E+06,4.63E+06,2.77E+07,3.51E+04,5.03E+06,1.48E+07,1.92E+06,7.01E+04,3.40E+06,4.78E+06,2.79E+06,1.34E+07,6.25E+06,1.50E+06,1.53E+05,1.15E+07,1.32E+07,1.10E+07,1.28E+06,8.32E+05,9.62E+04,8.53E+06,3.14E+06,7.59E+04,8.06E+04,2.20E+06,4.73E+05,4.69E+05,3.36E+05,1.23E+08,7.26E+06,1.97E+07,4.48E+05,3.79E+04,6.38E+05,1.52E+08,3.08E+08,5.94E+06,1.71E+07,4.00E+04,9.86E+06,5.56E+05,1.65E+07,1.65E+07,1.65E+07,5.34E+06,2.19E+07,5.58E+06,9.78E+06,2.10E+06,1.68E+07,1.50E+07,9.77E+05,2.26E+05,7.74E+06,2.98E+06,1.65E+07,1.66E+07,3.63E+07,3.63E+07,3.63E+07,3.93E+05,2.83E+07,1.79E+08,1.47E+06,3.31E+06,9.26E+05,7.31E+06,3.30E+06,4.64E+06,8.74E+07,4.67E+08,5.33E+06,4.69E+07,3.11E+06,1.85E+06,1.25E+07,1.21E+07,2.54E+06,1.48E+03,9.61E+05,1.62E+06,7.97E+07,3.68E+09
08-PMF-CPEEB-AW-48__TQS_Hil__1__020,59-Synechocystis_6803-cell-3a-2,25,59,3a,20,2,1.49E+05,6.38E+05,5.38E+04,2.94E+06,2.09E+06,6.44E+06,3.62E+08,1.07E+06,3.77E+08,2.38E+06,3.52E+06,2.28E+06,7.68E+06,2.49E+06,1.45E+06,1.30E+07,1.08E+04,2.89E+06,4.70E+06,1.08E+06,4.68E+04,1.79E+06,1.61E+06,2.25E+06,3.30E+06,3.11E+06,1.12E+06,5.63E+04,7.14E+06,4.34E+06,1.45E+07,7.87E+05,4.56E+05,9.90E+04,6.40E+06,2.13E+06,7.48E+04,1.26E+05,3.53E+05,5.54E+05,4.75E+05,1,1.51E+08,9.16E+06,2.09E+07,3.23E+05,5.08E+04,2.13E+05,1.10E+08,2.74E+08,3.08E+06,2.02E+07,3.05E+04,4.62E+06,4.24E+05,5.64E+06,5.49E+06,5.55E+06,2.28E+06,5.15E+06,3.59E+06,7.36E+06,4.24E+05,6.41E+06,1.42E+07,4.10E+05,4.25E+05,7.60E+06,1.77E+06,5.61E+06,2.67E+07,9.23E+06,9.23E+06,9.23E+06,2.42E+05,2.42E+07,9.95E+07,9.38E+05,1.45E+06,5.71E+05,1.18E+07,3.13E+06,3.99E+06,8.50E+07,3.39E+08,1.20E+07,2.74E+07,1.50E+06,1.62E+06,1.14E+07,2.57E+06,5.83E+06,1.26E+03,7.51E+05,1.84E+06,7.80E+07,2.28E+09
08-PMF-CPEEB-AW-48__TQS_Hil__1__005,6-Synechocystis_6803-cell-6a-3,8,6,6a,-1,3,1.78E+05,1.84E+06,1.68E+05,6.93E+06,4.95E+06,1.52E+07,8.39E+08,2.45E+06,9.03E+08,5.71E+06,8.24E+06,5.42E+06,2.05E+07,5.87E+06,4.71E+06,2.14E+07,5.07E+04,5.19E+06,2.34E+07,1.75E+06,5.98E+04,3.03E+06,2.16E+06,2.42E+06,9.62E+06,4.94E+06,1.84E+06,2.66E+05,1.11E+07,8.91E+06,2.50E+07,2.16E+06,7.22E+05,3.47E+05,9.32E+06,5.21E+06,2.00E+05,2.17E+05,3.56E+05,1.03E+06,7.73E+05,4.50E+05,2.49E+08,3.35E+07,4.19E+07,9.64E+05,7.66E+04,5.17E+05,2.37E+08,5.28E+08,4.57E+06,3.23E+07,5.81E+04,1.17E+07,8.35E+05,1.79E+07,1.79E+07,1.77E+07,9.94E+05,1.05E+07,1.22E+06,1.26E+07,1.19E+06,1.46E+07,2.04E+07,1.49E+06,1.48E+06,2.03E+07,4.21E+06,1.81E+07,2.33E+07,2.24E+07,2.24E+07,2.24E+07,8.14E+04,4.06E+07,1.94E+08,2.78E+06,2.61E+06,7.60E+05,1.51E+07,4.53E+06,2.71E+06,1.21E+08,3.20E+08,1.80E+07,4.22E+07,2.48E+06,1.86E+06,2.16E+07,4.93E+06,6.95E+06,3.73E+03,1.95E+06,4.76E+06,2.04E+08,4.37E+09
08-PMF-CPEEB-AW-48__TQS_Hil__1__018,60-Synechocystis_6803-cell-3a-3,23,60,3a,20,3,1.62E+05,7.26E+05,7.48E+04,3.74E+06,2.63E+06,8.11E+06,4.66E+08,1.28E+06,4.69E+08,3.10E+06,4.38E+06,2.93E+06,1.20E+07,3.23E+06,1.85E+06,2.06E+07,2.77E+04,6.07E+06,6.71E+06,1.48E+06,8.94E+04,2.62E+06,2.14E+06,2.72E+06,5.40E+06,4.78E+06,1.25E+06,1.12E+05,6.34E+06,5.32E+06,1.05E+07,6.02E+05,3.76E+05,6.62E+04,7.55E+06,1.80E+06,4.78E+04,6.86E+04,8.40E+05,5.95E+05,3.47E+05,9.87E+04,9.94E+07,4.59E+06,1.61E+07,3.11E+05,3.38E+04,2.55E+05,9.18E+07,2.58E+08,2.93E+06,1.32E+07,2.84E+04,4.37E+06,4.71E+05,6.81E+06,6.76E+06,6.72E+06,2.77E+06,1.06E+07,2.78E+06,6.40E+06,1.59E+06,7.46E+06,1.28E+07,5.18E+05,1.98E+05,6.07E+06,1.91E+06,6.79E+06,1.23E+07,1.75E+07,1.75E+07,1.75E+07,1.92E+05,1.93E+07,9.31E+07,9.16E+05,1.72E+06,5.28E+05,8.32E+06,2.35E+06,2.98E+06,6.31E+07,2.93E+08,4.21E+06,2.33E+07,1.21E+06,1.68E+06,9.26E+06,5.30E+06,3.09E+06,7.36E+02,1.03E+06,1.50E+06,5.82E+07,2.30E+09
08-PMF-CPEEB-AW-48__TQS_Hil__1__060,61-Synechocystis_6803-cell-5a_day2-1,71,61,5a_day2,22,1,4.08E+05,7.92E+05,7.36E+04,7.85E+06,5.50E+06,1.68E+07,1.17E+09,2.82E+06,9.44E+08,6.58E+06,8.83E+06,6.19E+06,2.63E+07,6.70E+06,5.04E+06,2.25E+07,1.02E+05,2.92E+07,1.47E+07,1.70E+06,9.84E+04,2.65E+06,5.96E+06,3.01E+06,1.96E+07,5.09E+06,1.24E+06,7.52E+04,1.73E+07,7.51E+06,1.02E+07,9.97E+05,1.11E+06,1.07E+05,8.33E+06,4.72E+06,8.23E+04,7.09E+04,1.36E+06,5.25E+05,7.67E+05,3.82E+05,1.25E+08,5.05E+06,3.15E+07,2.55E+05,5.42E+04,4.23E+05,1.86E+08,3.98E+08,6.93E+06,2.13E+07,6.75E+04,9.18E+06,5.18E+05,1.06E+07,1.09E+07,1.08E+07,4.90E+06,1.10E+07,5.23E+06,1.26E+07,1.45E+06,1.22E+07,2.59E+07,5.22E+05,2.06E+05,4.66E+06,2.27E+06,1.06E+07,1.56E+07,2.04E+07,2.04E+07,2.04E+07,4.08E+05,2.76E+07,1.88E+08,1.20E+06,2.11E+06,7.03E+05,5.42E+06,3.50E+06,6.10E+06,9.24E+07,4.81E+08,6.56E+06,5.06E+07,3.78E+06,3.30E+06,1.38E+07,3.32E+06,3.56E+06,1.91E+03,8.76E+05,1.92E+06,9.88E+07,4.35E+09
08-PMF-CPEEB-AW-48__TQS_Hil__1__042,62-Synechocystis_6803-cell-5a_day2-2,50,62,5a_day2,22,2,1.63E+05,6.73E+05,7.13E+04,4.81E+06,3.36E+06,1.03E+07,5.76E+08,1.72E+06,5.84E+08,3.95E+06,5.55E+06,3.76E+06,1.61E+07,4.15E+06,2.24E+06,1.75E+07,3.90E+04,1.98E+07,9.46E+06,1.11E+06,6.51E+04,1.94E+06,2.83E+06,2.27E+06,8.81E+06,3.92E+06,9.51E+05,1.49E+05,8.70E+06,4.26E+06,1.30E+07,5.59E+05,6.14E+05,7.84E+04,7.28E+06,2.28E+06,7.95E+04,5.91E+04,6.76E+05,4.58E+05,5.03E+05,2.94E+05,1.47E+08,5.33E+06,2.19E+07,2.85E+05,6.08E+04,3.05E+05,1.51E+08,3.29E+08,5.22E+06,1.91E+07,5.11E+04,6.88E+06,4.51E+05,7.87E+06,7.83E+06,7.85E+06,5.07E+06,8.33E+06,5.19E+06,8.46E+06,6.50E+05,1.02E+07,2.00E+07,3.86E+05,2.30E+05,5.18E+06,1.96E+06,7.95E+06,1.53E+07,1.52E+07,1.52E+07,1.52E+07,2.70E+05,2.33E+07,1.35E+08,1.26E+06,1.61E+06,4.54E+05,5.93E+06,2.95E+06,4.70E+06,7.98E+07,3.64E+08,6.57E+06,3.38E+07,1.91E+06,1.88E+06,1.27E+07,2.25E+06,3.56E+06,1.98E+03,9.16E+05,1.73E+06,9.34E+07,2.95E+09
08-PMF-CPEEB-AW-48__TQS_Hil__1__024,63-Synechocystis_6803-cell-5a_day2-3,30,63,5a_day2,22,3,1.53E+05,7.26E+05,2.49E+04,3.20E+06,2.28E+06,7.08E+06,3.90E+08,1.08E+06,4.21E+08,2.62E+06,3.74E+06,2.50E+06,9.71E+06,2.74E+06,1.51E+06,1.20E+07,3.05E+04,1.63E+07,6.30E+06,8.92E+05,3.12E+04,1.44E+06,2.11E+06,1.91E+06,4.66E+06,2.89E+06,7.30E+05,3.33E+04,6.44E+06,2.77E+06,1.04E+07,3.10E+05,4.55E+05,4.21E+04,5.82E+06,1.58E+06,4.35E+04,6.53E+04,4.29E+05,3.31E+05,3.15E+05,1.50E+05,1.10E+08,5.02E+06,2.27E+07,1.78E+05,3.52E+04,2.18E+05,9.84E+07,2.63E+08,2.95E+06,1.45E+07,3.90E+04,3.61E+06,3.27E+05,3.10E+06,3.10E+06,3.09E+06,2.81E+06,4.89E+06,2.72E+06,5.76E+06,7.71E+05,5.90E+06,1.39E+07,2.09E+05,2.41E+05,4.73E+06,1.15E+06,3.18E+06,9.63E+06,6.48E+06,6.48E+06,6.48E+06,1.55E+05,1.75E+07,8.83E+07,8.71E+05,7.59E+05,4.10E+05,5.40E+06,2.16E+06,2.78E+06,5.77E+07,2.65E+08,2.08E+06,1.47E+07,1.22E+06,1.37E+06,9.75E+06,6.53E+05,9.82E+05,8.67E+02,8.02E+05,1.37E+06,6.64E+07,2.07E+09
08-PMF-CPEEB-AW-48__TQS_Hil__1__059,64-Synechocystis_6803-cell-6a_day2-1,70,64,6a_day2,23,1,3.43E+05,6.94E+05,9.12E+04,6.85E+06,4.81E+06,1.47E+07,9.68E+08,2.51E+06,8.13E+08,5.76E+06,7.81E+06,5.44E+06,2.37E+07,5.80E+06,5.86E+06,2.23E+07,6.84E+04,2.69E+07,1.42E+07,1.55E+06,8.87E+04,2.48E+06,4.84E+06,2.76E+06,1.95E+07,4.86E+06,1.20E+06,1.73E+05,1.54E+07,7.51E+06,9.24E+06,1.51E+06,1.09E+06,1.52E+05,8.18E+06,4.31E+06,8.94E+04,6.24E+04,1.52E+06,4.20E+05,6.88E+05,2.39E+05,1.11E+08,5.35E+06,2.54E+07,3.36E+05,7.08E+04,4.39E+05,1.71E+08,3.76E+08,6.51E+06,1.72E+07,4.23E+04,8.50E+06,5.09E+05,1.11E+07,1.11E+07,1.12E+07,5.18E+06,1.26E+07,5.17E+06,8.84E+06,1.33E+06,1.31E+07,2.22E+07,6.35E+05,1.84E+05,5.43E+06,1.99E+06,1.11E+07,1.10E+07,2.16E+07,2.16E+07,2.16E+07,3.64E+05,2.21E+07,1.82E+08,1.10E+06,1.91E+06,5.64E+05,3.66E+06,3.26E+06,6.61E+06,8.62E+07,4.42E+08,3.82E+06,3.71E+07,2.12E+06,1.78E+06,1.22E+07,3.06E+06,1.93E+06,2.05E+03,7.48E+05,1.72E+06,9.23E+07,3.84E+09
08-PMF-CPEEB-AW-48__TQS_Hil__1__080,65-Synechocystis_6803-cell-6a_day3-2,94,65,6a_day3,23,2,1.80E+05,3.70E+05,3.70E+04,3.88E+06,2.70E+06,8.25E+06,5.42E+08,1.36E+06,4.75E+08,3.19E+06,4.42E+06,3.01E+06,1.50E+07,3.31E+06,1.72E+06,1.03E+07,3.29E+04,2.19E+07,8.57E+06,6.70E+05,4.62E+04,1.08E+06,2.85E+06,1.29E+06,6.48E+06,2.40E+06,4.73E+05,1.58E+04,6.55E+06,2.19E+06,7.65E+06,4.07E+05,5.13E+05,6.67E+04,4.66E+06,1.81E+06,8.41E+04,4.77E+04,4.53E+05,2.54E+05,4.15E+05,1.36E+05,1.00E+08,2.53E+06,1.86E+07,1.97E+05,4.13E+04,3.06E+05,1.25E+08,2.33E+08,4.55E+06,1.28E+07,4.36E+04,5.82E+06,2.28E+05,3.74E+06,3.76E+06,3.70E+06,4.17E+06,3.93E+06,4.34E+06,5.93E+06,7.87E+05,8.29E+06,1.21E+07,1.84E+05,1.51E+05,2.57E+06,1.17E+06,3.86E+06,7.58E+06,6.24E+06,6.12E+06,6.28E+06,1.60E+05,1.43E+07,9.79E+07,8.26E+05,6.54E+05,3.47E+05,3.32E+06,1.71E+06,5.04E+06,4.42E+07,2.60E+08,2.25E+06,1.42E+07,1.10E+06,1.27E+06,8.79E+06,8.18E+05,9.91E+05,6.52E+02,5.36E+05,9.94E+05,5.09E+07,2.24E+09
08-PMF-CPEEB-AW-48__TQS_Hil__1__007,66-Synechocystis_6803-cell-6a_day4-3,10,66,6a_day4,23,3,1.15E+05,8.38E+05,2.35E+04,2.83E+06,2.02E+06,6.21E+06,3.44E+08,1.03E+06,3.63E+08,2.35E+06,3.35E+06,2.23E+06,9.09E+06,2.46E+06,1.30E+06,1.03E+07,1.52E+04,1.26E+07,5.18E+06,6.73E+05,4.96E+04,1.19E+06,1.67E+06,1.34E+06,3.76E+06,2.28E+06,5.37E+05,9.77E+04,4.89E+06,2.10E+06,8.36E+06,4.77E+05,3.18E+05,4.30E+04,5.03E+06,1.54E+06,5.17E+04,3.15E+04,2.52E+05,3.19E+05,2.57E+05,1.98E+05,8.78E+07,7.17E+06,1.83E+07,1.89E+05,3.00E+04,1.63E+05,1.03E+08,2.48E+08,2.75E+06,1.18E+07,2.64E+04,3.45E+06,2.93E+05,4.67E+06,4.69E+06,4.59E+06,1.89E+06,5.38E+06,2.02E+06,5.05E+06,6.15E+05,5.00E+06,1.11E+07,2.88E+05,1.84E+05,4.85E+06,1.04E+06,4.73E+06,1.13E+07,1.10E+07,1.10E+07,1.10E+07,1.00E+05,1.30E+07,5.55E+07,7.27E+05,1.14E+06,2.90E+05,4.13E+06,1.99E+06,2.11E+06,5.32E+07,2.00E+08,4.32E+06,2.04E+07,1.09E+06,1.07E+06,7.56E+06,1.41E+06,2.03E+06,4.40E+02,7.74E+05,1.06E+06,4.60E+07,1.81E+09
08-PMF-CPEEB-AW-48__TQS_Hil__1__076,67-Synechocystis_6803-cell-630a_day2-1,89,67,630a_day2,23.5,1,2.29E+05,5.50E+05,6.63E+04,5.38E+06,3.74E+06,1.15E+07,7.71E+08,1.79E+06,6.50E+08,4.41E+06,6.18E+06,4.18E+06,2.06E+07,4.57E+06,3.24E+06,1.44E+07,3.65E+04,2.74E+07,1.23E+07,9.85E+05,5.43E+04,1.71E+06,4.14E+06,1.82E+06,1.13E+07,3.67E+06,8.01E+05,1.80E+05,1.14E+07,5.54E+06,1.25E+07,1.36E+06,8.65E+05,1.20E+05,6.98E+06,3.06E+06,8.85E+04,8.20E+04,6.70E+05,3.61E+05,5.48E+05,4.09E+05,1.55E+08,5.78E+06,2.31E+07,3.26E+05,4.55E+04,4.39E+05,1.69E+08,3.30E+08,5.54E+06,2.19E+07,5.52E+04,7.71E+06,3.89E+05,1.04E+07,1.04E+07,1.04E+07,5.19E+06,1.00E+07,5.25E+06,8.94E+06,8.85E+05,1.28E+07,1.58E+07,4.13E+05,2.85E+05,5.22E+06,2.14E+06,1.04E+07,1.99E+07,1.60E+07,1.60E+07,1.60E+07,2.81E+05,2.31E+07,1.47E+08,1.28E+06,1.24E+06,4.61E+05,6.22E+06,3.48E+06,4.80E+06,9.21E+07,3.80E+08,8.24E+06,4.90E+07,3.72E+06,2.64E+06,1.32E+07,2.79E+06,3.89E+06,1.10E+03,5.12E+05,1.44E+06,7.10E+07,3.32E+09
08-PMF-CPEEB-AW-48__TQS_Hil__1__037,68-Synechocystis_6803-cell-630a_day3-2,45,68,630a_day3,23.5,2,1.53E+05,7.50E+05,4.28E+04,4.58E+06,3.24E+06,9.93E+06,5.44E+08,1.72E+06,5.64E+08,3.80E+06,5.38E+06,3.60E+06,1.46E+07,3.96E+06,1.81E+06,1.56E+07,2.53E+04,2.63E+07,9.60E+06,9.20E+05,9.91E+04,1.60E+06,2.80E+06,1.95E+06,6.85E+06,3.67E+06,7.54E+05,9.18E+04,8.24E+06,3.30E+06,1.91E+07,1.08E+06,5.72E+05,1.72E+05,7.40E+06,2.72E+06,8.68E+04,1.40E+05,5.42E+05,5.28E+05,6.45E+05,4.68E+05,1.63E+08,9.82E+06,2.24E+07,3.61E+05,4.65E+04,4.58E+05,1.72E+08,3.79E+08,6.09E+06,2.08E+07,7.83E+04,6.99E+06,4.75E+05,1.24E+07,1.24E+07,1.24E+07,5.76E+06,1.00E+07,5.78E+06,1.12E+07,1.04E+06,1.23E+07,2.07E+07,6.40E+05,4.35E+05,8.78E+06,3.09E+06,1.24E+07,2.51E+07,1.60E+07,1.60E+07,1.60E+07,2.68E+05,2.16E+07,1.35E+08,1.44E+06,1.78E+06,5.82E+05,1.11E+07,4.18E+06,4.54E+06,1.13E+08,3.95E+08,1.21E+07,5.46E+07,3.33E+06,2.58E+06,1.29E+07,3.08E+06,5.36E+06,1.81E+03,9.20E+05,1.83E+06,9.99E+07,3.15E+09
08-PMF-CPEEB-AW-48__TQS_Hil__1__066,69-Synechocystis_6803-cell-630a_day4-3,78,69,630a_day4,23.5,3,5.77E+05,5.61E+05,3.50E+04,9.45E+06,6.52E+06,2.00E+07,1.46E+09,3.02E+06,1.14E+09,7.87E+06,1.06E+07,7.45E+06,2.11E+07,8.07E+06,6.96E+06,2.89E+07,1.15E+05,5.04E+07,1.66E+07,2.05E+06,1.11E+05,2.98E+06,6.28E+06,3.38E+06,2.11E+07,6.38E+06,1.50E+06,1.33E+05,2.14E+07,1.05E+07,1.82E+07,2.36E+06,1.46E+06,2.27E+05,1.08E+07,4.71E+06,9.71E+04,1.69E+05,1.66E+06,5.30E+05,8.43E+05,5.97E+05,1.89E+08,3.09E+06,2.26E+07,3.40E+05,6.69E+04,7.89E+05,2.54E+08,5.01E+08,1.29E+07,3.02E+07,9.80E+04,1.26E+07,7.05E+05,1.40E+07,1.40E+07,1.40E+07,6.21E+06,1.42E+07,6.32E+06,1.50E+07,1.87E+06,2.10E+07,3.66E+07,6.07E+05,3.01E+05,4.60E+06,3.13E+06,1.40E+07,2.34E+07,1.58E+07,1.63E+07,1.58E+07,5.43E+05,3.05E+07,2.46E+08,1.83E+06,2.30E+06,7.40E+05,9.59E+06,4.83E+06,7.48E+06,1.33E+08,5.99E+08,8.39E+06,5.65E+07,3.27E+06,2.55E+06,1.74E+07,2.90E+06,3.69E+06,2.82E+03,9.62E+05,1.97E+06,1.16E+08,5.43E+09
08-PMF-CPEEB-AW-48__TQS_Hil__1__053,7-Synechocystis_6803-cell-630a-1,63,7,630a,-0.5,1,2.18E+05,1.12E+06,5.38E+04,7.75E+06,5.45E+06,1.68E+07,9.55E+08,2.72E+06,9.57E+08,6.45E+06,8.88E+06,6.13E+06,2.63E+07,6.66E+06,6.57E+06,2.13E+07,1.06E+05,1.37E+07,2.65E+07,1.54E+06,8.31E+04,2.70E+06,3.14E+06,3.13E+06,1.70E+07,4.60E+06,1.36E+06,2.17E+05,1.27E+07,6.97E+06,1.97E+07,2.46E+06,7.65E+05,3.95E+05,7.61E+06,4.89E+06,1.48E+05,1.23E+05,8.07E+05,9.22E+05,9.97E+05,5.07E+05,1.79E+08,8.89E+06,2.84E+07,4.87E+05,1.01E+05,5.73E+05,1.75E+08,4.07E+08,5.30E+06,2.28E+07,3.22E+04,1.09E+07,6.47E+05,1.65E+07,1.65E+07,1.65E+07,1.31E+06,1.04E+07,1.44E+06,1.14E+07,7.95E+05,1.63E+07,1.75E+07,1.29E+06,8.38E+05,1.38E+07,3.50E+06,1.65E+07,2.58E+07,1.61E+07,1.61E+07,1.61E+07,1.48E+05,3.42E+07,3.28E+08,2.45E+06,2.16E+06,1.02E+06,1.33E+07,4.70E+06,4.97E+06,1.24E+08,3.69E+08,9.88E+06,4.89E+07,2.83E+06,1.52E+06,2.13E+07,4.65E+06,3.55E+06,5.67E+03,1.10E+06,4.94E+06,2.15E+08,4.42E+09
08-PMF-CPEEB-AW-48__TQS_Hil__1__025,70-Synechocystis_6803-cell-7a_day2-1,31,70,7a_day2,24,1,2.60E+05,1.13E+06,8.47E+04,7.15E+06,5.03E+06,1.54E+07,8.27E+08,2.48E+06,8.79E+08,5.90E+06,8.32E+06,5.57E+06,2.50E+07,6.14E+06,3.79E+06,2.61E+07,8.88E+04,2.43E+07,1.66E+07,1.62E+06,1.31E+05,2.74E+06,4.83E+06,3.21E+06,1.47E+07,5.61E+06,1.33E+06,1.84E+05,1.24E+07,7.16E+06,2.02E+07,2.18E+06,7.55E+05,1.89E+05,1.18E+07,4.09E+06,1.08E+05,5.21E+04,1.03E+06,6.73E+05,8.30E+05,3.26E+05,1.56E+08,8.40E+06,3.25E+07,3.77E+05,9.72E+04,4.55E+05,1.95E+08,4.98E+08,6.54E+06,2.09E+07,4.86E+04,6.65E+06,6.09E+05,1.17E+07,1.16E+07,1.16E+07,5.08E+06,1.38E+07,5.69E+06,1.24E+07,2.04E+06,1.26E+07,2.49E+07,5.73E+05,4.29E+05,9.03E+06,2.99E+06,1.17E+07,1.41E+07,2.37E+07,2.37E+07,2.37E+07,3.10E+05,2.88E+07,1.61E+08,1.55E+06,2.88E+06,8.34E+05,5.54E+06,4.78E+06,6.33E+06,1.29E+08,4.95E+08,5.93E+06,5.02E+07,2.73E+06,2.04E+06,1.47E+07,4.85E+06,4.20E+06,2.21E+03,1.46E+06,3.01E+06,1.32E+08,4.16E+09
08-PMF-CPEEB-AW-48__TQS_Hil__1__028,71-Synechocystis_6803-cell-7a_day2-2,34,71,7a_day2,24,2,1.67E+05,8.74E+05,4.56E+04,3.49E+06,2.48E+06,7.61E+06,4.02E+08,1.32E+06,4.48E+08,2.84E+06,4.18E+06,2.69E+06,1.07E+07,2.99E+06,1.61E+06,1.50E+07,3.20E+04,1.64E+07,6.51E+06,8.58E+05,5.50E+04,1.37E+06,2.03E+06,1.68E+06,5.75E+06,3.44E+06,7.56E+05,1.51E+05,7.44E+06,3.71E+06,1.28E+07,6.44E+05,4.59E+05,5.40E+04,6.37E+06,2.27E+06,4.62E+04,5.94E+04,5.10E+05,3.98E+05,4.44E+05,3.25E+05,1.25E+08,3.90E+06,2.68E+07,2.25E+05,3.41E+04,2.50E+05,1.13E+08,2.95E+08,3.78E+06,1.21E+07,3.87E+04,3.74E+06,4.90E+05,3.55E+06,3.46E+06,3.28E+06,3.35E+06,3.21E+06,3.36E+06,7.01E+06,3.96E+05,6.89E+06,1.96E+07,2.44E+05,2.39E+05,4.28E+06,1.55E+06,3.55E+06,1.31E+07,6.21E+06,6.36E+06,6.41E+06,1.77E+05,1.82E+07,9.84E+07,1.22E+06,9.70E+05,3.91E+05,6.88E+06,2.39E+06,4.10E+06,6.44E+07,2.94E+08,4.42E+06,1.86E+07,1.12E+06,1.45E+06,1.01E+07,1.21E+06,1.87E+06,1.65E+03,1.00E+06,1.73E+06,8.66E+07,2.28E+09
08-PMF-CPEEB-AW-48__TQS_Hil__1__026,72-Synechocystis_6803-cell-7a_day2-3,32,72,7a_day2,24,3,1.58E+05,9.83E+05,4.32E+04,3.36E+06,2.40E+06,7.46E+06,3.95E+08,1.34E+06,4.40E+08,2.74E+06,4.10E+06,2.58E+06,1.04E+07,2.86E+06,1.76E+06,1.64E+07,2.94E+04,1.84E+07,7.12E+06,9.68E+05,8.62E+04,1.40E+06,2.27E+06,2.19E+06,5.41E+06,3.91E+06,8.50E+05,8.20E+04,8.08E+06,3.80E+06,1.18E+07,4.60E+05,5.21E+05,5.62E+04,7.12E+06,2.00E+06,6.48E+04,9.47E+04,3.14E+05,3.71E+05,4.00E+05,2.52E+05,1.33E+08,4.89E+06,3.23E+07,1.80E+05,4.46E+04,2.32E+05,1.17E+08,3.24E+08,3.37E+06,1.76E+07,4.15E+04,3.60E+06,4.42E+05,3.88E+06,3.94E+06,3.89E+06,3.03E+06,3.27E+06,3.42E+06,9.37E+06,6.88E+05,6.87E+06,1.83E+07,1.77E+05,4.32E+05,5.32E+06,1.93E+06,3.93E+06,2.28E+07,9.30E+06,9.30E+06,9.30E+06,1.45E+05,2.09E+07,1.02E+08,1.11E+06,1.36E+06,5.86E+05,1.06E+07,3.02E+06,3.92E+06,8.02E+07,2.94E+08,9.57E+06,3.27E+07,1.73E+06,2.18E+06,1.16E+07,1.89E+06,4.19E+06,9.23E+02,9.15E+05,1.59E+06,8.10E+07,2.39E+09
08-PMF-CPEEB-AW-48__TQS_Hil__1__038,8-Synechocystis_6803-cell-630a-2,46,8,630a,-0.5,2,1.63E+05,1.46E+06,8.80E+04,7.00E+06,4.92E+06,1.53E+07,8.60E+08,2.36E+06,9.01E+08,5.75E+06,8.09E+06,5.47E+06,2.37E+07,6.04E+06,5.87E+06,2.19E+07,6.85E+04,7.26E+06,2.68E+07,1.57E+06,9.83E+04,2.74E+06,2.68E+06,2.99E+06,1.06E+07,5.52E+06,1.69E+06,3.51E+05,1.25E+07,7.72E+06,2.05E+07,1.83E+06,6.55E+05,2.29E+05,8.06E+06,4.44E+06,1.37E+05,1.56E+05,6.52E+05,7.04E+05,7.05E+05,3.94E+05,2.01E+08,1.63E+07,3.81E+07,6.76E+05,7.27E+04,5.71E+05,1.92E+08,4.50E+08,5.28E+06,2.69E+07,6.60E+04,1.25E+07,5.78E+05,1.79E+07,1.79E+07,1.78E+07,1.57E+06,1.29E+07,1.74E+06,1.29E+07,8.33E+05,1.64E+07,2.15E+07,1.00E+06,8.68E+05,1.85E+07,3.58E+06,1.81E+07,3.25E+07,2.09E+07,2.09E+07,2.09E+07,1.03E+05,3.61E+07,2.85E+08,2.55E+06,2.09E+06,6.81E+05,1.15E+07,4.42E+06,5.57E+06,1.23E+08,3.22E+08,1.38E+07,4.63E+07,2.75E+06,2.20E+06,2.11E+07,4.24E+06,6.12E+06,6.75E+03,1.74E+06,4.59E+06,2.36E+08,4.32E+09
08-PMF-CPEEB-AW-48__TQS_Hil__1__079,9-Synechocystis_6803-cell-630a-3,93,9,630a,-0.5,3,2.70E+05,1.33E+03,9.51E+04,9.82E+06,6.82E+06,2.10E+07,1.40E+09,3.34E+06,1.20E+09,8.08E+06,1.14E+07,7.69E+06,3.92E+07,8.46E+06,1.06E+07,2.84E+07,9.64E+04,1.93E+07,4.51E+07,1.77E+06,9.40E+04,3.18E+06,4.89E+06,2.96E+06,2.46E+07,5.74E+06,1.66E+06,5.49E+05,1.65E+07,1.32E+07,2.07E+07,3.05E+06,1.22E+06,4.81E+05,1.02E+07,8.78E+06,2.36E+05,1.28E+05,9.57E+05,9.92E+05,1.09E+06,6.77E+05,2.71E+08,2.17E+07,3.45E+07,1.12E+06,8.12E+04,1.10E+06,2.75E+08,4.93E+08,8.22E+06,3.35E+07,7.92E+04,1.70E+07,6.12E+05,3.15E+07,3.15E+07,3.15E+07,1.96E+05,1.50E+07,2.35E+06,1.64E+07,5.53E+05,3.23E+07,2.23E+07,2.53E+06,1.09E+06,1.70E+07,5.30E+06,3.15E+07,4.02E+07,3.31E+07,3.31E+07,3.31E+07,1.91E+05,4.44E+07,3.74E+08,4.44E+06,3.24E+06,1.16E+06,1.07E+07,5.38E+06,5.25E+06,1.49E+08,4.57E+08,1.94E+07,8.05E+07,5.00E+06,3.63E+06,3.06E+07,9.15E+06,9.04E+06,5.41E+03,1.06E+06,4.21E+06,2.13E+08,5.91E+09
08-PMF-CPEEB-AW-48__TQS_Hil__1__001_wide,QC-1-1,4,QC,QC,26,qc,1.54E+05,1.44E+06,1.97E+05,4.99E+06,3.54E+06,1.09E+07,6.90E+08,1.97E+06,6.53E+08,4.16E+06,6.16E+06,3.94E+06,2.45E+07,4.11E+06,7.27E+06,3.48E+07,4.33E+04,8.15E+06,3.16E+07,2.44E+06,2.47E+04,4.95E+06,4.12E+06,4.55E+06,1.24E+07,8.55E+06,2.24E+06,5.12E+04,8.25E+06,1.19E+07,1.52E+07,1.22E+06,4.58E+05,1.73E+05,1.54E+07,3.39E+06,1.35E+05,2.22E+05,7.14E+05,1.19E+06,9.10E+05,3.17E+05,1.79E+08,1.40E+07,3.56E+07,5.80E+05,7.71E+04,8.05E+05,2.42E+08,4.14E+08,6.14E+06,2.27E+07,1.13E+05,2.00E+07,9.36E+05,2.30E+07,2.27E+07,2.20E+07,4.53E+06,2.24E+07,4.92E+06,1.47E+07,1.68E+06,2.17E+07,2.59E+07,2.55E+06,8.67E+05,9.34E+06,5.66E+06,2.29E+07,2.51E+07,4.88E+07,4.88E+07,4.88E+07,2.30E+05,5.84E+07,1.62E+08,4.54E+06,4.38E+06,7.91E+05,1.28E+07,3.12E+06,3.33E+06,8.33E+07,3.89E+08,8.23E+06,6.38E+07,3.24E+06,1.52E+06,1.64E+07,1.14E+07,4.07E+06,5.89E+03,1.58E+06,2.21E+06,1.88E+08,3.92E+09
08-PMF-CPEEB-AW-48__TQS_Hil__1__015,QC-1-15,20,QC,QC,26,qc,1.83E+05,1.07E+06,1.20E+05,5.38E+06,3.84E+06,1.18E+07,6.81E+08,2.12E+06,6.82E+08,4.50E+06,6.33E+06,4.26E+06,1.88E+07,4.69E+06,7.86E+06,3.55E+07,3.68E+04,9.70E+06,2.53E+07,2.67E+06,1.77E+05,4.96E+06,3.25E+06,4.87E+06,1.44E+07,1.09E+07,2.62E+06,1.60E+05,9.73E+06,1.48E+07,1.74E+07,1.30E+06,5.66E+05,1.73E+05,1.73E+07,3.53E+06,8.31E+04,1.04E+05,9.02E+05,1.30E+06,5.67E+05,3.51E+05,1.60E+08,8.38E+06,3.37E+07,5.64E+05,5.48E+04,6.03E+05,1.45E+08,3.68E+08,3.98E+06,2.11E+07,6.48E+04,1.21E+07,1.00E+06,1.41E+07,1.34E+07,1.35E+07,3.58E+06,1.57E+07,3.61E+06,1.01E+07,1.08E+06,1.71E+07,3.09E+07,1.53E+06,8.24E+05,1.10E+07,4.15E+06,1.40E+07,2.03E+07,3.23E+07,3.23E+07,3.23E+07,2.67E+05,4.30E+07,1.96E+08,5.61E+06,2.81E+06,8.21E+05,1.29E+07,3.49E+06,4.00E+06,9.14E+07,4.08E+08,7.88E+06,4.70E+07,2.22E+06,1.47E+06,1.77E+07,9.95E+06,5.28E+06,5.29E+03,1.66E+06,2.25E+06,1.81E+08,3.69E+09
08-PMF-CPEEB-AW-48__TQS_Hil__1__022,QC-1-22,28,QC,QC,26,qc,1.63E+05,1.11E+06,2.08E+05,5.42E+06,3.83E+06,1.17E+07,6.74E+08,2.00E+06,6.78E+08,4.45E+06,6.31E+06,4.23E+06,1.92E+07,4.66E+06,7.37E+06,3.55E+07,3.74E+04,9.85E+06,2.67E+07,2.54E+06,9.18E+04,5.01E+06,3.36E+06,4.36E+06,1.45E+07,1.16E+07,2.61E+06,1.37E+05,9.68E+06,1.48E+07,1.78E+07,1.29E+06,5.18E+05,1.77E+05,1.76E+07,3.72E+06,8.53E+04,1.42E+05,8.80E+05,1.17E+06,6.43E+05,2.07E+05,1.61E+08,7.97E+06,3.27E+07,5.50E+05,6.64E+04,5.99E+05,1.40E+08,3.60E+08,3.84E+06,2.20E+07,6.93E+04,1.21E+07,8.45E+05,1.50E+07,1.33E+07,1.30E+07,3.78E+06,1.68E+07,3.83E+06,1.14E+07,9.78E+05,1.79E+07,3.32E+07,1.66E+06,8.72E+05,1.09E+07,4.37E+06,1.50E+07,2.21E+07,3.40E+07,3.40E+07,3.40E+07,2.94E+05,4.61E+07,2.27E+08,5.83E+06,3.14E+06,9.07E+05,1.35E+07,3.66E+06,4.03E+06,1.01E+08,4.39E+08,9.01E+06,5.49E+07,3.10E+06,1.66E+06,1.86E+07,1.05E+07,6.28E+06,7.94E+03,1.68E+06,2.39E+06,2.14E+08,3.80E+09
08-PMF-CPEEB-AW-48__TQS_Hil__1__029,QC-1-29,36,QC,QC,26,qc,1.92E+05,1.13E+06,1.75E+05,5.82E+06,4.10E+06,1.26E+07,7.14E+08,2.05E+06,7.26E+08,4.81E+06,6.76E+06,4.58E+06,1.98E+07,5.02E+06,6.41E+06,3.67E+07,4.89E+04,1.02E+07,2.83E+07,2.45E+06,1.28E+05,4.82E+06,3.64E+06,4.31E+06,1.43E+07,1.04E+07,2.42E+06,6.15E+04,8.63E+06,1.30E+07,1.84E+07,1.28E+06,5.52E+05,1.88E+05,1.75E+07,3.23E+06,9.11E+04,1.46E+05,8.75E+05,1.05E+06,8.49E+05,3.14E+05,1.85E+08,8.31E+06,3.19E+07,5.78E+05,5.34E+04,7.89E+05,1.60E+08,3.73E+08,4.80E+06,2.36E+07,9.87E+04,1.51E+07,7.96E+05,1.82E+07,1.75E+07,1.66E+07,4.72E+06,1.77E+07,4.79E+06,1.24E+07,1.09E+06,2.19E+07,3.27E+07,1.67E+06,9.44E+05,6.41E+06,5.10E+06,1.82E+07,2.53E+07,3.81E+07,3.81E+07,3.81E+07,3.37E+05,5.61E+07,2.23E+08,5.69E+06,3.69E+06,9.37E+05,1.40E+07,3.87E+06,4.11E+06,1.05E+08,4.64E+08,1.09E+07,5.89E+07,3.16E+06,1.68E+06,1.94E+07,1.15E+07,6.14E+06,5.17E+03,1.48E+06,2.07E+06,1.69E+08,3.99E+09
08-PMF-CPEEB-AW-48__TQS_Hil__1__036,QC-1-36,44,QC,QC,26,qc,1.95E+05,1.18E+06,1.26E+05,6.03E+06,4.24E+06,1.30E+07,7.60E+08,2.06E+06,7.49E+08,4.98E+06,7.01E+06,4.72E+06,2.18E+07,5.20E+06,8.05E+06,4.01E+07,4.62E+04,1.19E+07,3.26E+07,2.59E+06,1.05E+05,5.39E+06,4.24E+06,4.84E+06,1.71E+07,1.15E+07,2.69E+06,1.17E+05,1.06E+07,1.58E+07,1.80E+07,1.48E+06,6.77E+05,1.87E+05,1.85E+07,3.56E+06,8.18E+04,1.37E+05,9.48E+05,1.10E+06,6.26E+05,4.23E+05,1.93E+08,8.81E+06,3.29E+07,5.58E+05,3.85E+04,8.56E+05,1.66E+08,3.76E+08,5.15E+06,2.36E+07,6.84E+04,1.59E+07,1.02E+06,1.87E+07,1.80E+07,1.83E+07,4.79E+06,1.81E+07,4.89E+06,1.31E+07,1.11E+06,2.13E+07,3.44E+07,1.77E+06,1.08E+06,1.16E+07,5.53E+06,1.87E+07,2.50E+07,4.01E+07,4.01E+07,4.01E+07,3.60E+05,5.20E+07,2.65E+08,6.02E+06,3.82E+06,1.04E+06,1.51E+07,4.16E+06,4.53E+06,1.10E+08,4.86E+08,5.82E+06,6.61E+07,3.98E+06,1.93E+06,2.08E+07,1.25E+07,6.60E+06,7.69E+03,1.64E+06,2.24E+06,2.03E+08,4.23E+09
08-PMF-CPEEB-AW-48__TQS_Hil__1__043,QC-1-43,52,QC,QC,26,qc,1.92E+05,1.13E+06,1.99E+05,6.59E+06,4.59E+06,1.42E+07,8.36E+08,2.26E+06,8.10E+08,5.45E+06,7.66E+06,5.16E+06,2.40E+07,5.69E+06,9.16E+06,4.45E+07,6.60E+04,1.16E+07,3.31E+07,2.94E+06,9.99E+04,5.47E+06,4.35E+06,5.09E+06,1.80E+07,1.19E+07,2.80E+06,1.39E+05,1.08E+07,1.68E+07,1.95E+07,1.44E+06,7.55E+05,1.79E+05,1.87E+07,4.21E+06,1.18E+05,1.45E+05,1.21E+06,1.15E+06,6.08E+05,3.88E+05,1.86E+08,8.21E+06,3.46E+07,5.72E+05,6.15E+04,8.61E+05,1.74E+08,3.87E+08,5.53E+06,2.46E+07,1.03E+05,1.63E+07,1.06E+06,2.01E+07,1.88E+07,1.85E+07,5.06E+06,1.95E+07,5.30E+06,1.36E+07,1.07E+06,2.33E+07,3.79E+07,1.87E+06,9.38E+05,1.13E+07,5.20E+06,2.00E+07,2.61E+07,4.11E+07,4.11E+07,4.11E+07,3.95E+05,5.33E+07,2.87E+08,6.45E+06,3.95E+06,1.04E+06,1.61E+07,4.21E+06,4.61E+06,1.14E+08,5.12E+08,1.07E+07,7.37E+07,4.50E+06,2.37E+06,2.13E+07,1.37E+07,7.00E+06,1.05E+04,1.61E+06,2.39E+06,2.33E+08,4.51E+09
08-PMF-CPEEB-AW-48__TQS_Hil__1__050,QC-1-50,60,QC,QC,26,qc,2.55E+05,9.68E+05,1.13E+05,6.86E+06,4.81E+06,1.48E+07,8.80E+08,2.29E+06,8.52E+08,5.71E+06,7.94E+06,5.37E+06,2.43E+07,5.90E+06,9.36E+06,4.44E+07,1.82E+04,1.33E+07,3.27E+07,2.88E+06,1.01E+05,5.40E+06,4.15E+06,5.01E+06,1.87E+07,1.22E+07,2.74E+06,1.22E+05,1.09E+07,1.69E+07,1.88E+07,1.51E+06,6.02E+05,1.73E+05,1.86E+07,4.02E+06,1.07E+05,1.39E+05,1.42E+06,1.00E+06,6.40E+05,3.46E+05,1.88E+08,7.94E+06,3.27E+07,4.68E+05,5.24E+04,8.26E+05,1.62E+08,3.63E+08,5.32E+06,2.33E+07,8.72E+04,1.57E+07,9.15E+05,1.89E+07,1.85E+07,1.86E+07,4.82E+06,1.88E+07,4.89E+06,1.34E+07,9.30E+05,2.23E+07,3.64E+07,1.72E+06,9.45E+05,1.08E+07,5.39E+06,1.90E+07,2.48E+07,4.01E+07,4.01E+07,4.01E+07,4.18E+05,5.26E+07,2.83E+08,6.62E+06,3.64E+06,1.04E+06,1.61E+07,4.25E+06,4.35E+06,1.14E+08,5.32E+08,1.00E+07,7.07E+07,4.29E+06,2.29E+06,2.15E+07,1.24E+07,6.83E+06,1.18E+04,1.60E+06,2.52E+06,2.53E+08,4.58E+09
08-PMF-CPEEB-AW-48__TQS_Hil__1__057,QC-1-57,68,QC,QC,26,qc,3.82E+05,1.01E+06,1.54E+05,8.32E+06,5.83E+06,1.78E+07,1.21E+09,2.89E+06,1.01E+09,6.92E+06,9.51E+06,6.53E+06,2.80E+07,7.10E+06,1.58E+07,4.84E+07,5.48E+04,1.59E+07,3.96E+07,3.72E+06,1.24E+05,6.48E+06,5.40E+06,6.41E+06,2.85E+07,1.36E+07,3.31E+06,2.70E+05,1.71E+07,2.44E+07,1.49E+07,1.60E+06,1.06E+06,2.07E+05,1.93E+07,4.88E+06,1.17E+05,1.31E+05,1.46E+06,1.13E+06,7.17E+05,4.58E+05,1.94E+08,8.38E+06,4.23E+07,6.90E+05,5.76E+04,9.52E+05,1.98E+08,4.33E+08,6.84E+06,2.59E+07,1.25E+05,2.10E+07,1.09E+06,2.26E+07,2.26E+07,2.26E+07,5.62E+06,1.83E+07,5.66E+06,1.48E+07,1.25E+06,2.71E+07,4.58E+07,1.75E+06,9.35E+05,1.21E+07,5.77E+06,2.26E+07,2.89E+07,4.29E+07,4.29E+07,4.29E+07,4.59E+05,5.51E+07,3.80E+08,5.94E+06,4.55E+06,1.02E+06,1.54E+07,4.46E+06,5.76E+06,1.18E+08,5.85E+08,1.20E+07,8.24E+07,5.26E+06,2.61E+06,2.27E+07,1.43E+07,6.82E+06,8.68E+03,1.42E+06,2.11E+06,2.19E+08,5.45E+09
08-PMF-CPEEB-AW-48__TQS_Hil__1__064,QC-1-64,76,QC,QC,26,qc,4.17E+05,1.07E+06,1.33E+05,8.90E+06,6.24E+06,1.90E+07,1.34E+09,3.26E+06,1.09E+09,7.44E+06,1.02E+07,7.02E+06,3.08E+07,7.61E+06,1.74E+07,5.17E+07,6.56E+04,1.62E+07,4.31E+07,3.92E+06,1.31E+05,6.67E+06,5.89E+06,6.78E+06,3.16E+07,1.44E+07,3.49E+06,2.36E+05,1.87E+07,2.61E+07,1.52E+07,1.66E+06,1.16E+06,2.17E+05,1.94E+07,6.85E+06,1.28E+05,1.71E+05,1.58E+06,1.11E+06,9.24E+05,5.08E+05,1.88E+08,1.02E+07,4.24E+07,6.99E+05,5.78E+04,1.06E+06,2.06E+08,4.32E+08,7.46E+06,2.84E+07,1.48E+05,2.31E+07,1.06E+06,2.44E+07,2.44E+07,2.43E+07,5.95E+06,1.96E+07,6.00E+06,1.61E+07,1.39E+06,2.83E+07,4.93E+07,1.90E+06,9.29E+05,7.60E+06,5.80E+06,2.44E+07,3.03E+07,4.64E+07,4.64E+07,4.64E+07,5.22E+05,6.38E+07,4.07E+08,6.29E+06,4.36E+06,1.09E+06,1.61E+07,4.62E+06,5.21E+06,1.20E+08,6.11E+08,1.25E+07,9.11E+07,6.69E+06,3.54E+06,2.35E+07,1.50E+07,7.07E+06,1.01E+04,1.48E+06,2.06E+06,2.32E+08,5.81E+09
08-PMF-CPEEB-AW-48__TQS_Hil__1__071,QC-1-71,84,QC,QC,26,qc,4.05E+05,1.74E+06,1.26E+05,8.55E+06,5.97E+06,1.83E+07,1.32E+09,2.97E+06,1.05E+09,7.15E+06,9.90E+06,6.81E+06,3.53E+07,7.40E+06,1.70E+07,4.61E+07,5.72E+04,1.49E+07,4.55E+07,3.68E+06,1.23E+05,6.24E+06,6.42E+06,5.91E+06,2.86E+07,1.30E+07,3.07E+06,8.09E+04,1.72E+07,2.41E+07,1.61E+07,1.72E+06,9.43E+05,1.99E+05,1.89E+07,5.37E+06,1.33E+05,1.67E+05,1.37E+06,1.02E+06,6.52E+05,4.82E+05,2.14E+08,9.63E+06,3.86E+07,6.91E+05,5.22E+04,1.08E+06,2.10E+08,4.09E+08,7.12E+06,1.00E+00,1.59E+05,2.30E+07,1.00E+06,2.29E+07,2.29E+07,2.29E+07,6.59E+06,2.06E+07,6.65E+06,1.60E+07,1.27E+06,3.02E+07,3.99E+07,1.88E+06,1.08E+06,1.11E+07,6.21E+06,2.29E+07,3.01E+07,4.53E+07,4.53E+07,4.53E+07,4.60E+05,5.70E+07,3.87E+08,6.08E+06,4.50E+06,1.06E+06,1.56E+07,4.27E+06,6.49E+06,1.17E+08,5.70E+08,1.23E+07,9.07E+07,6.37E+06,2.89E+06,2.32E+07,1.43E+07,6.67E+06,7.27E+03,1.28E+06,1.96E+06,1.99E+08,5.60E+09
08-PMF-CPEEB-AW-48__TQS_Hil__1__078,QC-1-78,92,QC,QC,26,qc,3.24E+05,8.23E+05,3.13E+04,7.04E+06,4.93E+06,1.50E+07,1.03E+09,2.35E+06,8.61E+08,5.81E+06,8.17E+06,5.51E+06,2.95E+07,6.04E+06,9.46E+06,3.80E+07,4.02E+04,1.52E+07,4.15E+07,2.71E+06,1.07E+05,4.87E+06,5.49E+06,4.75E+06,1.99E+07,1.06E+07,2.42E+06,1.89E+05,1.19E+07,1.65E+07,1.39E+07,1.66E+06,7.90E+05,2.23E+05,1.78E+07,4.50E+06,9.65E+04,1.61E+05,1.33E+06,8.94E+05,5.80E+05,4.27E+05,2.00E+08,8.28E+06,3.27E+07,7.73E+05,4.10E+04,1.02E+06,1.90E+08,3.56E+08,6.49E+06,2.50E+07,1.25E+05,2.07E+07,9.44E+05,2.04E+07,2.04E+07,2.04E+07,6.02E+06,1.85E+07,6.07E+06,1.44E+07,1.06E+06,2.68E+07,3.12E+07,1.80E+06,9.08E+05,7.73E+06,5.79E+06,2.04E+07,2.79E+07,4.16E+07,4.16E+07,4.16E+07,4.09E+05,5.44E+07,2.96E+08,5.81E+06,3.81E+06,9.41E+05,1.46E+07,4.08E+06,5.90E+06,1.06E+08,5.24E+08,1.11E+07,8.15E+07,5.77E+06,2.77E+06,2.19E+07,1.30E+07,6.12E+06,4.57E+03,1.06E+06,1.76E+06,1.64E+08,4.72E+09
08-PMF-CPEEB-AW-48__TQS_Hil__1__085,QC-1-78b,100,QC,QC,26,qc,2.77E+05,1.41E+03,1.90E+05,6.77E+06,4.64E+06,1.43E+07,9.35E+08,2.25E+06,8.22E+08,5.50E+06,7.70E+06,5.24E+06,2.46E+07,5.76E+06,8.98E+06,3.56E+07,6.78E+04,1.43E+07,3.50E+07,2.47E+06,1.21E+05,4.75E+06,4.67E+06,4.17E+06,1.78E+07,9.83E+06,2.34E+06,8.30E+04,9.68E+06,1.43E+07,1.21E+07,1.36E+06,7.90E+05,2.27E+05,1.72E+07,4.98E+06,1.23E+05,1.16E+05,9.61E+05,9.83E+05,6.47E+05,5.06E+05,1.74E+08,7.17E+06,3.24E+07,5.67E+05,4.24E+04,9.61E+05,1.88E+08,3.54E+08,6.50E+06,2.21E+07,1.21E+05,1.96E+07,8.86E+05,1.90E+07,1.90E+07,1.91E+07,5.53E+06,1.69E+07,5.56E+06,1.33E+07,1.11E+06,2.66E+07,3.28E+07,1.71E+06,8.19E+05,6.99E+06,5.03E+06,1.90E+07,2.49E+07,3.79E+07,3.79E+07,3.79E+07,3.53E+05,4.93E+07,2.75E+08,5.23E+06,3.54E+06,8.81E+05,1.33E+07,3.60E+06,5.29E+06,9.51E+07,4.83E+08,9.52E+06,7.87E+07,6.14E+06,3.06E+06,1.93E+07,1.16E+07,5.63E+06,6.87E+03,1.18E+06,1.92E+06,2.00E+08,4.45E+09
08-PMF-CPEEB-AW-48__TQS_Hil__1__008,QC-1-8,12,QC,QC,26,qc,1.57E+05,1.15E+06,1.60E+05,4.82E+06,3.46E+06,1.06E+07,6.05E+08,1.65E+06,6.25E+08,4.01E+06,5.74E+06,3.82E+06,1.87E+07,4.06E+06,6.28E+06,3.36E+07,3.62E+04,8.74E+06,2.44E+07,2.33E+06,9.92E+04,4.66E+06,3.09E+06,4.41E+06,1.23E+07,1.00E+07,2.50E+06,6.05E+04,8.31E+06,1.32E+07,1.58E+07,1.30E+06,5.09E+05,1.46E+05,1.76E+07,3.30E+06,1.15E+05,1.33E+05,9.07E+05,1.19E+06,5.85E+05,3.83E+05,1.51E+08,1.03E+07,3.35E+07,5.54E+05,4.01E+04,5.48E+05,1.54E+08,3.73E+08,4.27E+06,2.05E+07,7.11E+04,1.26E+07,9.33E+05,1.55E+07,1.44E+07,1.40E+07,3.27E+06,1.54E+07,3.94E+06,1.02E+07,1.07E+06,1.70E+07,2.97E+07,1.61E+06,9.35E+05,1.03E+07,4.35E+06,1.54E+07,2.13E+07,3.54E+07,3.54E+07,3.54E+07,2.28E+05,4.31E+07,1.69E+08,4.99E+06,3.74E+06,8.75E+05,1.32E+07,3.27E+06,3.80E+06,8.93E+07,3.80E+08,8.31E+06,4.86E+07,2.29E+06,1.79E+06,1.67E+07,1.11E+07,5.55E+06,4.29E+03,1.60E+06,2.01E+06,1.68E+08,3.49E+09